CustomerID,LastPurchase,DaysSinceLastPurchase,Churn
12346,2011-01-18 10:01:00,325,1
12347,2011-12-07 15:52:00,1,0
12348,2011-09-25 13:13:00,74,0
12349,2011-11-21 09:51:00,18,0
12350,2011-02-02 16:01:00,309,1
12352,2011-11-03 14:37:00,35,0
12353,2011-05-19 17:47:00,203,1
12354,2011-04-21 13:11:00,231,1
12355,2011-05-09 13:49:00,213,1
12356,2011-11-17 08:40:00,22,0
12357,2011-11-06 16:07:00,32,0
12358,2011-12-08 10:26:00,1,0
12359,2011-10-13 12:47:00,57,0
12360,2011-10-18 15:22:00,51,0
12361,2011-02-25 13:51:00,286,1
12362,2011-12-06 15:40:00,2,0
12363,2011-08-22 10:18:00,109,1
12364,2011-12-02 10:22:00,7,0
12365,2011-02-21 14:04:00,290,1
12367,2011-12-05 16:48:00,3,0
12370,2011-10-19 14:51:00,50,0
12371,2011-10-26 10:16:00,44,0
12372,2011-09-29 12:12:00,71,0
12373,2011-02-01 13:10:00,310,1
12374,2011-11-14 15:37:00,24,0
12375,2011-11-29 10:36:00,10,0
12377,2011-01-28 15:45:00,314,1
12378,2011-08-02 10:34:00,129,1
12379,2011-09-19 10:09:00,81,0
12380,2011-11-18 11:27:00,21,0
12381,2011-12-05 12:44:00,4,0
12383,2011-06-08 08:02:00,184,1
12384,2011-11-11 08:39:00,28,0
12386,2011-01-06 12:37:00,337,1
12388,2011-11-24 12:30:00,15,0
12390,2011-09-21 09:33:00,79,0
12391,2011-11-18 12:07:00,21,0
12393,2011-09-28 15:41:00,71,0
12394,2011-10-07 08:08:00,63,0
12395,2011-11-20 15:21:00,18,0
12397,2011-11-04 09:52:00,35,0
12398,2011-10-25 10:27:00,45,0
12399,2011-08-12 13:15:00,118,1
12401,2011-02-09 13:50:00,302,1
12402,2011-01-20 13:49:00,322,1
12403,2011-10-21 10:51:00,49,0
12405,2011-07-14 08:52:00,148,1
12406,2011-11-17 19:22:00,21,0
12407,2011-10-21 10:11:00,49,0
12408,2011-11-07 12:27:00,32,0
12409,2011-09-22 10:38:00,78,0
12410,2011-02-04 10:39:00,308,1
12412,2011-09-26 10:16:00,74,0
12413,2011-10-04 09:00:00,66,0
12414,2011-05-06 14:51:00,216,1
12415,2011-11-15 14:22:00,23,0
12417,2011-12-06 14:52:00,2,0
12418,2011-08-19 11:08:00,112,1
12420,2011-10-07 08:55:00,63,0
12421,2011-11-24 09:07:00,15,0
12422,2011-09-05 09:48:00,95,1
12423,2011-12-09 10:10:00,0,0
12424,2011-06-30 12:06:00,162,1
12425,2011-09-22 17:31:00,77,0
12426,2011-05-29 12:26:00,194,1
12427,2011-11-18 08:56:00,21,0
12428,2011-11-14 08:22:00,25,0
12429,2011-11-30 17:22:00,8,0
12430,2011-10-27 15:09:00,42,0
12431,2011-11-04 11:55:00,35,0
12432,2011-10-28 11:43:00,42,0
12433,2011-12-09 10:02:00,0,0
12434,2011-09-16 12:38:00,84,0
12435,2011-09-21 09:06:00,79,0
12436,2011-09-01 12:09:00,99,1
12437,2011-12-08 11:35:00,1,0
12438,2011-11-25 13:28:00,13,0
12441,2010-12-08 10:45:00,366,1
12442,2011-12-06 14:22:00,2,0
12444,2011-11-18 13:23:00,20,0
12445,2011-11-17 18:43:00,21,0
12446,2011-10-13 12:50:00,57,0
12447,2011-04-10 13:25:00,242,1
12448,2011-10-26 13:46:00,43,0
12449,2011-11-17 13:46:00,21,0
12450,2011-07-06 14:41:00,155,1
12451,2011-11-29 08:40:00,10,0
12452,2011-11-23 10:28:00,16,0
12453,2011-07-28 14:08:00,133,1
12454,2011-10-14 17:13:00,55,0
12455,2011-09-27 15:31:00,72,0
12456,2011-10-26 14:41:00,43,0
12457,2011-10-04 13:13:00,65,0
12458,2011-09-29 15:25:00,70,0
12461,2011-09-06 16:57:00,93,1
12462,2011-11-21 09:11:00,18,0
12463,2011-10-17 13:44:00,52,0
12464,2011-11-29 13:33:00,9,0
12465,2011-11-22 16:34:00,16,0
12468,2011-06-05 11:36:00,187,1
12471,2011-12-07 15:43:00,1,0
12472,2011-11-07 14:01:00,31,0
12473,2011-11-10 13:46:00,28,0
12474,2011-11-22 14:39:00,16,0
12475,2011-10-17 10:10:00,53,0
12476,2011-11-24 12:40:00,15,0
12477,2011-11-17 09:51:00,22,0
12478,2011-12-06 09:56:00,3,0
12479,2011-11-28 13:26:00,10,0
12480,2011-11-11 14:52:00,27,0
12481,2011-11-17 08:29:00,22,0
12483,2011-11-22 17:02:00,16,0
12484,2011-11-07 11:37:00,32,0
12488,2011-11-30 08:50:00,9,0
12489,2011-01-07 13:13:00,335,1
12490,2011-12-04 16:07:00,4,0
12491,2011-11-01 12:18:00,38,0
12492,2011-10-07 15:15:00,62,0
12493,2011-06-27 10:17:00,165,1
12494,2011-11-24 09:34:00,15,0
12497,2011-09-19 12:29:00,81,0
12498,2011-11-18 12:53:00,20,0
12500,2011-11-16 16:20:00,22,0
12501,2011-01-07 12:28:00,336,1
12502,2011-09-05 11:52:00,95,1
12504,2011-11-21 16:02:00,17,0
12506,2011-04-21 08:54:00,232,1
12507,2011-07-28 17:09:00,133,1
12508,2011-11-13 15:37:00,25,0
12509,2011-02-28 14:45:00,283,1
12510,2011-07-20 10:15:00,142,1
12512,2011-10-04 14:55:00,65,0
12513,2011-08-19 10:51:00,112,1
12514,2011-03-17 16:38:00,266,1
12515,2010-12-21 15:43:00,352,1
12516,2011-09-23 09:13:00,77,0
12517,2011-11-11 14:04:00,27,0
12518,2011-12-09 10:13:00,0,0
12519,2011-10-07 09:26:00,63,0
12520,2011-09-21 15:23:00,78,0
12521,2011-07-20 10:51:00,142,1
12522,2011-10-31 15:30:00,38,0
12523,2011-11-20 12:55:00,18,0
12524,2011-11-30 15:31:00,8,0
12526,2011-12-09 12:09:00,0,0
12527,2011-09-19 11:55:00,81,0
12528,2011-11-30 14:40:00,8,0
12530,2011-10-11 12:34:00,59,0
12531,2011-11-25 11:12:00,14,0
12532,2011-11-09 13:47:00,29,0
12534,2011-08-01 10:26:00,130,1
12535,2011-09-09 08:48:00,91,1
12536,2011-10-27 14:20:00,42,0
12538,2011-11-10 17:16:00,28,0
12539,2011-11-17 13:30:00,21,0
12540,2011-11-20 11:31:00,19,0
12541,2011-11-10 10:40:00,29,0
12544,2011-11-03 16:15:00,35,0
12545,2011-09-25 13:39:00,74,0
12546,2011-10-24 12:09:00,46,0
12547,2011-05-26 12:38:00,197,1
12548,2011-06-26 15:35:00,165,1
12550,2011-09-21 14:35:00,78,0
12551,2010-12-17 11:23:00,357,1
12552,2011-11-01 10:02:00,38,0
12553,2011-12-01 16:38:00,7,0
12556,2011-10-20 13:06:00,49,0
12557,2011-11-23 16:59:00,15,0
12558,2011-12-02 10:41:00,7,0
12559,2011-02-02 09:49:00,310,1
12560,2011-12-04 13:54:00,4,0
12561,2011-02-10 11:39:00,302,1
12562,2011-12-01 17:20:00,7,0
12564,2011-03-23 14:55:00,260,1
12565,2011-02-24 10:34:00,288,1
12566,2011-09-14 14:30:00,85,0
12567,2011-11-17 11:02:00,22,0
12569,2011-12-07 16:24:00,1,0
12571,2011-10-31 10:19:00,39,0
12572,2011-12-01 09:20:00,8,0
12573,2011-04-26 15:52:00,226,1
12574,2011-01-28 09:20:00,315,1
12576,2011-11-04 10:11:00,35,0
12577,2011-11-04 13:24:00,34,0
12578,2011-11-18 13:30:00,20,0
12579,2011-09-22 17:15:00,77,0
12580,2011-04-07 10:24:00,246,1
12581,2011-10-31 08:56:00,39,0
12582,2011-04-15 08:45:00,238,1
12583,2011-12-07 08:07:00,2,0
12584,2011-12-06 09:35:00,3,0
12585,2011-04-19 13:39:00,233,1
12586,2011-11-22 16:24:00,16,0
12587,2011-12-02 12:47:00,7,0
12588,2011-10-31 15:01:00,38,0
12589,2011-11-11 10:19:00,28,0
12590,2011-05-12 14:52:00,210,1
12591,2011-01-26 14:35:00,316,1
12592,2011-09-08 15:04:00,91,1
12593,2011-08-23 12:43:00,108,1
12594,2011-11-02 12:20:00,37,0
12596,2011-10-19 13:02:00,50,0
12597,2011-11-20 13:33:00,18,0
12598,2011-11-30 12:18:00,9,0
12599,2011-11-10 13:34:00,28,0
12600,2011-11-11 10:29:00,28,0
12601,2011-06-03 10:17:00,189,1
12602,2011-10-12 11:22:00,58,0
12603,2011-11-18 10:42:00,21,0
12604,2011-09-21 14:08:00,78,0
12607,2011-10-10 16:06:00,59,0
12609,2011-09-22 16:34:00,77,0
12610,2011-11-17 09:34:00,22,0
12611,2011-10-18 13:12:00,51,0
12612,2011-09-26 15:35:00,73,0
12613,2011-10-13 14:59:00,56,0
12614,2011-03-07 10:22:00,277,1
12615,2011-12-07 15:02:00,1,0
12616,2011-09-05 15:17:00,94,1
12617,2011-11-10 14:39:00,28,0
12618,2011-11-18 11:10:00,21,0
12619,2011-11-23 14:52:00,15,0
12620,2011-11-25 10:20:00,14,0
12621,2011-12-08 11:25:00,1,0
12622,2011-04-21 16:39:00,231,1
12623,2011-03-08 13:50:00,275,1
12624,2011-08-25 15:04:00,105,1
12625,2011-05-12 09:54:00,211,1
12626,2011-11-16 16:06:00,22,0
12627,2011-11-29 12:07:00,10,0
12628,2011-12-05 13:15:00,3,0
12630,2011-11-30 10:48:00,9,0
12631,2011-10-13 13:53:00,56,0
12633,2011-10-12 11:40:00,58,0
12635,2011-09-11 11:04:00,89,0
12637,2011-10-03 13:46:00,66,0
12638,2011-11-06 13:11:00,32,0
12639,2011-04-15 12:48:00,238,1
12640,2011-11-16 11:52:00,23,0
12641,2011-08-16 13:26:00,114,1
12642,2011-11-14 15:03:00,24,0
12643,2011-08-03 12:56:00,127,1
12644,2011-08-02 10:33:00,129,1
12645,2011-11-06 12:38:00,33,0
12646,2011-12-05 10:14:00,4,0
12647,2011-11-17 12:56:00,21,0
12648,2011-07-08 11:55:00,154,1
12649,2011-08-24 14:41:00,106,1
12650,2011-12-06 16:34:00,2,0
12651,2011-01-09 12:46:00,334,1
12652,2011-01-12 15:00:00,330,1
12653,2011-07-14 10:41:00,148,1
12654,2011-11-29 10:10:00,10,0
12656,2011-11-22 13:42:00,16,0
12657,2011-11-28 15:47:00,10,0
12658,2011-11-21 10:22:00,18,0
12659,2011-11-10 11:53:00,29,0
12660,2011-11-28 13:26:00,10,0
12662,2011-12-09 11:59:00,0,0
12664,2011-12-01 17:07:00,7,0
12665,2011-01-19 08:34:00,324,1
12667,2011-10-12 17:00:00,57,0
12668,2011-11-28 10:56:00,11,0
12669,2011-07-12 09:54:00,150,1
12670,2011-11-29 15:23:00,9,0
12672,2011-01-14 09:20:00,329,1
12673,2011-12-04 13:55:00,4,0
12674,2011-11-01 12:12:00,38,0
12676,2011-11-15 12:25:00,24,0
12678,2011-10-28 13:04:00,41,0
12679,2011-10-12 12:30:00,58,0
12680,2011-12-09 12:50:00,0,0
12681,2011-11-25 11:33:00,14,0
12682,2011-12-06 10:00:00,3,0
12683,2011-12-05 16:31:00,3,0
12684,2011-12-02 09:53:00,7,0
12685,2011-11-11 13:46:00,27,0
12686,2010-12-03 09:51:00,371,1
12688,2011-08-18 08:49:00,113,1
12689,2011-11-14 08:31:00,25,0
12690,2011-05-18 09:09:00,205,1
12691,2011-11-11 16:49:00,27,0
12693,2011-08-04 17:51:00,126,1
12694,2011-09-30 13:06:00,69,0
12695,2011-12-02 13:22:00,6,0
12697,2011-11-11 08:47:00,28,0
12700,2011-12-02 10:47:00,7,0
12701,2011-09-21 10:47:00,79,0
12702,2011-11-20 10:36:00,19,0
12703,2011-09-29 17:52:00,70,0
12704,2011-12-02 13:15:00,6,0
12705,2011-11-24 13:17:00,14,0
12707,2011-02-21 08:38:00,291,1
12708,2011-11-10 09:52:00,29,0
12709,2011-11-24 15:38:00,14,0
12710,2011-09-04 12:00:00,96,1
12712,2011-11-11 08:19:00,28,0
12713,2011-12-09 12:16:00,0,0
12714,2011-11-30 15:43:00,8,0
12715,2011-08-25 15:22:00,105,1
12716,2011-12-06 08:55:00,3,0
12717,2011-07-11 14:47:00,150,1
12718,2011-09-29 16:38:00,70,0
12719,2011-12-04 13:45:00,4,0
12720,2011-12-07 08:03:00,2,0
12721,2011-11-08 12:13:00,31,0
12722,2011-09-15 14:50:00,84,0
12723,2011-12-06 10:19:00,3,0
12724,2011-12-04 16:02:00,4,0
12725,2010-12-03 15:45:00,370,1
12726,2011-11-11 13:35:00,27,0
12727,2011-11-29 11:46:00,10,0
12728,2011-09-29 15:31:00,70,0
12729,2011-08-18 11:40:00,113,1
12731,2011-11-16 11:59:00,23,0
12732,2011-06-13 11:33:00,179,1
12733,2011-04-19 16:19:00,233,1
12734,2010-12-22 12:47:00,352,1
12735,2011-01-28 13:37:00,314,1
12736,2011-01-11 07:57:00,332,1
12738,2010-12-02 18:27:00,371,1
12739,2011-09-22 13:00:00,77,0
12740,2011-10-07 10:44:00,63,0
12743,2011-07-28 16:21:00,133,1
12744,2011-10-19 11:18:00,51,0
12747,2011-12-07 14:34:00,1,0
12748,2011-12-09 12:20:00,0,0
12749,2011-12-06 09:56:00,3,0
12750,2011-08-03 09:13:00,128,1
12752,2011-09-19 13:32:00,80,0
12753,2011-11-17 10:52:00,22,0
12754,2011-04-18 09:00:00,235,1
12755,2011-03-04 12:42:00,280,1
12756,2011-09-14 09:31:00,86,0
12757,2011-11-24 12:30:00,15,0
12758,2011-08-15 10:22:00,116,1
12759,2011-10-18 14:49:00,51,0
12762,2011-12-02 10:23:00,7,0
12763,2011-07-24 14:12:00,137,1
12764,2011-01-27 10:19:00,316,1
12766,2011-12-06 08:46:00,3,0
12769,2011-04-15 10:25:00,238,1
12770,2011-05-13 09:33:00,210,1
12772,2011-10-11 09:19:00,59,0
12775,2011-11-22 16:33:00,16,0
12778,2011-11-20 11:30:00,19,0
12779,2011-11-02 11:43:00,37,0
12781,2011-10-07 10:37:00,63,0
12782,2011-12-05 09:16:00,4,0
12783,2011-12-07 15:56:00,1,0
12784,2011-11-30 15:38:00,8,0
12785,2010-12-10 13:48:00,363,1
12787,2011-11-30 08:44:00,9,0
12789,2011-10-05 13:34:00,64,0
12790,2011-05-31 14:14:00,191,1
12791,2010-12-01 11:27:00,373,1
12792,2011-03-28 11:36:00,256,1
12793,2011-01-09 12:12:00,334,1
12794,2011-10-17 14:54:00,52,0
12795,2011-11-21 10:27:00,18,0
12797,2010-12-09 10:55:00,365,1
12798,2011-11-29 15:52:00,9,0
12802,2011-06-06 09:36:00,186,1
12808,2011-11-03 10:05:00,36,0
12809,2011-06-15 10:51:00,177,1
12811,2011-03-24 09:42:00,260,1
12812,2011-10-26 09:54:00,44,0
12814,2011-08-30 12:11:00,101,1
12815,2011-07-15 10:21:00,147,1
12816,2011-09-05 12:41:00,95,1
12817,2011-03-03 16:28:00,280,1
12818,2011-03-23 12:06:00,261,1
12820,2011-12-06 15:12:00,2,0
12821,2011-05-09 15:51:00,213,1
12822,2011-09-30 10:04:00,70,0
12823,2011-09-26 07:35:00,74,0
12824,2011-10-11 12:49:00,59,0
12826,2011-12-07 10:25:00,2,0
12827,2011-12-04 12:17:00,5,0
12828,2011-12-07 08:45:00,2,0
12829,2011-01-07 11:13:00,336,1
12830,2011-11-02 11:54:00,37,0
12831,2011-03-22 13:02:00,261,1
12832,2011-11-07 13:30:00,31,0
12833,2011-07-17 13:46:00,144,1
12834,2011-03-02 09:49:00,282,1
12836,2011-10-11 15:10:00,58,0
12837,2011-06-19 16:07:00,172,1
12838,2011-11-06 12:20:00,33,0
12839,2011-12-07 12:33:00,2,0
12840,2011-07-19 09:29:00,143,1
12841,2011-12-05 11:13:00,4,0
12842,2011-09-30 15:33:00,69,0
12843,2011-10-05 12:09:00,65,0
12844,2011-11-10 13:31:00,28,0
12845,2011-03-17 13:34:00,266,1
12847,2011-11-17 13:16:00,21,0
12849,2011-11-08 13:41:00,30,0
12851,2011-09-04 12:41:00,96,1
12852,2011-02-18 08:47:00,294,1
12853,2011-07-28 11:29:00,134,1
12854,2011-09-22 12:15:00,78,0
12855,2010-12-02 09:37:00,372,1
12856,2011-12-02 10:52:00,7,0
12857,2011-05-13 10:20:00,210,1
12863,2011-10-18 14:15:00,51,0
12864,2011-07-24 13:03:00,137,1
12865,2011-11-13 14:31:00,25,0
12866,2011-03-01 14:11:00,282,1
12867,2011-11-13 15:30:00,25,0
12868,2011-06-07 10:42:00,185,1
12871,2011-09-16 15:07:00,83,0
12872,2011-01-17 10:52:00,326,1
12873,2011-03-02 14:58:00,281,1
12875,2011-07-19 15:30:00,142,1
12876,2011-10-13 12:26:00,57,0
12877,2011-12-06 10:30:00,3,0
12878,2011-04-17 13:07:00,235,1
12879,2011-10-26 12:24:00,44,0
12881,2011-03-09 11:44:00,275,1
12882,2011-11-30 16:18:00,8,0
12883,2011-11-15 09:32:00,24,0
12884,2011-09-12 13:10:00,87,0
12885,2011-10-07 13:40:00,62,0
12886,2011-10-03 10:09:00,67,0
12888,2011-05-09 16:02:00,213,1
12890,2011-11-15 17:26:00,23,0
12891,2011-06-07 12:31:00,185,1
12893,2011-11-09 12:34:00,30,0
12895,2011-10-28 13:51:00,41,0
12897,2011-05-19 12:13:00,204,1
12901,2011-12-01 10:07:00,8,0
12902,2011-03-20 12:06:00,264,1
12904,2011-11-21 14:34:00,17,0
12906,2011-11-28 09:55:00,11,0
12908,2011-06-16 15:39:00,175,1
12909,2011-10-31 12:43:00,39,0
12910,2011-11-16 14:28:00,22,0
12912,2011-12-07 08:55:00,2,0
12913,2011-12-05 12:11:00,4,0
12915,2011-07-14 11:34:00,148,1
12916,2011-07-24 10:35:00,138,1
12917,2011-08-03 16:42:00,127,1
12919,2011-12-01 13:47:00,7,0
12920,2011-11-22 15:05:00,16,0
12921,2011-11-30 16:22:00,8,0
12922,2011-07-01 15:35:00,160,1
12923,2011-10-06 16:20:00,63,0
12924,2011-09-12 13:55:00,87,0
12925,2011-12-05 11:11:00,4,0
12928,2011-11-04 14:24:00,34,0
12929,2011-02-01 12:08:00,311,1
12930,2011-09-22 15:18:00,77,0
12931,2011-11-18 12:39:00,21,0
12933,2011-11-15 16:38:00,23,0
12935,2011-12-07 17:25:00,1,0
12936,2011-11-22 17:32:00,16,0
12937,2011-11-24 15:05:00,14,0
12938,2011-11-14 11:21:00,25,0
12939,2011-10-06 14:33:00,63,0
12940,2011-10-16 12:09:00,54,0
12942,2011-07-31 14:39:00,130,1
12944,2011-11-04 11:04:00,35,0
12945,2011-02-24 14:15:00,287,1
12947,2011-07-19 10:06:00,143,1
12948,2011-11-23 17:10:00,15,0
12949,2011-11-09 11:25:00,30,0
12950,2011-12-07 13:17:00,1,0
12951,2011-12-01 12:14:00,8,0
12952,2011-12-04 10:35:00,5,0
12953,2011-11-30 09:24:00,9,0
12955,2011-12-08 16:29:00,0,0
12956,2011-02-06 16:08:00,305,1
12957,2011-11-30 09:53:00,9,0
12962,2011-12-02 15:55:00,6,0
12963,2011-12-01 12:55:00,7,0
12965,2011-09-11 15:31:00,88,0
12966,2011-11-30 12:38:00,9,0
12967,2010-12-16 19:10:00,357,1
12968,2011-08-19 15:44:00,111,1
12970,2011-12-02 14:30:00,6,0
12971,2011-12-06 12:20:00,3,0
12974,2011-05-26 09:33:00,197,1
12976,2011-05-12 09:55:00,211,1
12977,2011-07-06 16:40:00,155,1
12980,2011-07-05 09:34:00,157,1
12981,2011-11-10 12:00:00,29,0
12982,2011-04-11 11:51:00,242,1
12984,2011-11-21 12:37:00,18,0
12985,2011-12-09 10:46:00,0,0
12987,2011-09-27 12:03:00,73,0
12988,2011-02-20 14:31:00,291,1
12989,2011-12-06 15:28:00,2,0
12990,2011-11-08 13:01:00,30,0
12991,2011-11-16 15:34:00,22,0
12993,2011-11-16 15:49:00,22,0
12994,2011-12-05 15:43:00,3,0
12995,2011-09-15 15:44:00,84,0
12997,2011-11-17 15:47:00,21,0
12999,2011-05-27 13:24:00,195,1
13000,2011-08-25 10:43:00,106,1
13001,2011-12-05 14:51:00,3,0
13002,2011-01-25 15:18:00,317,1
13003,2011-08-26 10:50:00,105,1
13004,2011-11-28 11:27:00,11,0
13005,2011-06-19 10:53:00,173,1
13006,2011-10-14 13:49:00,55,0
13008,2011-01-20 14:24:00,322,1
13011,2010-12-02 17:22:00,371,1
13012,2011-11-30 13:05:00,8,0
13013,2011-12-08 15:01:00,0,0
13014,2011-11-29 12:27:00,10,0
13015,2011-10-17 13:19:00,52,0
13016,2011-09-27 14:08:00,72,0
13017,2011-12-02 15:53:00,6,0
13018,2011-11-23 13:28:00,15,0
13021,2011-12-05 16:37:00,3,0
13023,2011-10-06 16:27:00,63,0
13026,2011-12-08 16:58:00,0,0
13027,2011-08-18 09:39:00,113,1
13028,2011-11-17 11:10:00,22,0
13029,2011-11-09 09:13:00,30,0
13030,2011-11-28 14:30:00,10,0
13032,2011-10-18 15:54:00,51,0
13033,2010-12-17 14:23:00,356,1
13034,2011-10-16 12:21:00,54,0
13035,2011-09-27 08:57:00,73,0
13037,2011-07-24 15:46:00,137,1
13038,2011-09-20 14:37:00,79,0
13040,2011-12-01 10:38:00,8,0
13043,2011-03-11 14:52:00,272,1
13044,2011-02-21 15:20:00,290,1
13045,2011-09-01 15:04:00,98,1
13046,2011-11-09 08:36:00,30,0
13047,2011-11-08 12:06:00,31,0
13048,2011-11-25 13:23:00,13,0
13049,2011-10-06 15:31:00,63,0
13050,2011-11-25 09:18:00,14,0
13052,2011-05-11 14:12:00,211,1
13055,2011-09-22 14:26:00,77,0
13058,2011-11-15 12:43:00,24,0
13059,2011-04-04 10:40:00,249,1
13060,2011-03-31 11:37:00,253,1
13061,2011-09-28 16:04:00,71,0
13062,2011-06-01 15:12:00,190,1
13064,2011-11-27 12:31:00,12,0
13065,2010-12-01 16:52:00,372,1
13066,2011-11-15 12:57:00,23,0
13067,2011-09-18 13:38:00,81,0
13068,2011-11-29 15:00:00,9,0
13069,2011-12-09 08:39:00,0,0
13070,2011-05-31 13:45:00,191,1
13072,2011-03-18 08:12:00,266,1
13075,2011-08-02 10:19:00,129,1
13077,2011-12-08 19:24:00,0,0
13078,2011-12-06 15:36:00,2,0
13079,2011-12-05 16:53:00,3,0
13080,2011-06-13 14:59:00,178,1
13081,2011-11-28 10:54:00,11,0
13082,2011-08-05 16:16:00,125,1
13083,2011-12-05 15:01:00,3,0
13085,2011-07-05 12:11:00,157,1
13089,2011-12-07 09:02:00,2,0
13090,2011-12-01 12:39:00,8,0
13091,2011-11-11 15:54:00,27,0
13092,2011-09-30 11:18:00,70,0
13093,2011-03-09 12:14:00,275,1
13094,2011-11-18 14:07:00,20,0
13095,2011-09-30 12:03:00,70,0
13097,2011-11-07 10:43:00,32,0
13098,2011-12-08 14:14:00,0,0
13099,2011-09-01 17:40:00,98,1
13101,2011-04-19 14:37:00,233,1
13102,2011-12-08 12:52:00,0,0
13103,2011-10-31 09:38:00,39,0
13104,2011-12-06 13:10:00,2,0
13106,2011-07-29 15:12:00,132,1
13107,2011-10-26 14:52:00,43,0
13108,2010-12-02 10:35:00,372,1
13109,2011-10-11 10:16:00,59,0
13110,2011-11-08 14:30:00,30,0
13113,2011-12-09 12:49:00,0,0
13115,2011-11-28 12:38:00,11,0
13116,2011-07-24 14:33:00,137,1
13117,2011-11-18 12:02:00,21,0
13118,2011-11-20 12:46:00,19,0
13120,2011-04-15 10:19:00,238,1
13121,2011-03-15 16:47:00,268,1
13122,2011-09-06 15:53:00,93,1
13124,2011-09-11 12:45:00,89,0
13126,2011-12-05 10:00:00,4,0
13127,2011-09-23 10:26:00,77,0
13130,2011-09-06 15:30:00,93,1
13131,2011-11-16 13:21:00,22,0
13132,2011-03-23 12:44:00,261,1
13133,2011-03-11 10:31:00,273,1
13134,2011-09-15 10:35:00,85,0
13135,2011-05-27 10:52:00,196,1
13136,2011-10-14 13:41:00,55,0
13137,2011-11-29 12:09:00,10,0
13138,2011-11-17 16:51:00,21,0
13139,2011-11-23 13:54:00,15,0
13140,2011-08-23 15:33:00,107,1
13141,2011-09-16 09:54:00,84,0
13142,2011-11-20 16:07:00,18,0
13144,2011-01-11 11:15:00,332,1
13145,2011-10-31 12:45:00,39,0
13146,2011-11-13 15:29:00,25,0
13147,2011-11-29 13:59:00,9,0
13148,2011-11-10 15:23:00,28,0
13149,2011-11-25 13:09:00,13,0
13151,2011-02-17 12:29:00,295,1
13153,2011-12-04 12:14:00,5,0
13155,2011-11-06 15:41:00,32,0
13157,2011-10-21 13:50:00,48,0
13158,2011-09-06 11:58:00,94,1
13159,2011-12-01 11:20:00,8,0
13160,2011-11-17 13:07:00,21,0
13161,2011-01-30 14:03:00,312,1
13162,2011-08-09 15:59:00,121,1
13165,2011-10-24 15:05:00,45,0
13166,2011-03-01 15:16:00,282,1
13167,2011-11-21 12:24:00,18,0
13168,2011-11-03 12:56:00,35,0
13169,2011-10-07 12:11:00,63,0
13170,2011-11-13 12:19:00,26,0
13171,2011-11-18 10:27:00,21,0
13173,2011-12-05 15:51:00,3,0
13174,2011-11-23 14:35:00,15,0
13176,2011-10-24 15:43:00,45,0
13177,2011-10-06 09:56:00,64,0
13178,2011-11-13 16:14:00,25,0
13182,2011-10-25 13:46:00,44,0
13183,2011-12-02 10:30:00,7,0
13184,2011-11-25 12:02:00,14,0
13185,2011-03-17 11:56:00,267,1
13186,2011-10-31 11:40:00,39,0
13187,2011-01-06 18:57:00,336,1
13188,2011-11-28 15:28:00,10,0
13189,2011-11-21 10:39:00,18,0
13192,2011-09-05 14:13:00,94,1
13193,2011-10-09 14:30:00,60,0
13194,2011-07-27 09:01:00,135,1
13196,2011-11-28 13:54:00,10,0
13198,2011-11-29 15:17:00,9,0
13199,2011-12-06 12:30:00,3,0
13200,2011-11-20 15:35:00,18,0
13203,2011-11-30 10:45:00,9,0
13207,2011-11-24 14:52:00,14,0
13208,2011-10-12 09:54:00,58,0
13209,2011-11-09 13:54:00,29,0
13210,2011-09-07 08:18:00,93,1
13211,2011-11-29 14:43:00,9,0
13212,2011-11-20 12:40:00,19,0
13213,2011-10-14 11:42:00,56,0
13216,2011-03-17 12:18:00,267,1
13217,2011-08-09 15:32:00,121,1
13218,2011-08-04 16:59:00,126,1
13220,2011-09-22 13:38:00,77,0
13221,2011-04-13 16:58:00,239,1
13223,2011-05-23 13:03:00,199,1
13224,2011-10-10 14:55:00,59,0
13225,2011-12-06 13:29:00,2,0
13226,2011-03-11 14:35:00,272,1
13227,2011-05-22 11:47:00,201,1
13228,2011-09-19 14:28:00,80,0
13229,2011-04-28 12:07:00,225,1
13230,2011-12-05 16:03:00,3,0
13232,2011-11-27 10:39:00,12,0
13233,2011-09-26 13:25:00,73,0
13235,2011-05-11 17:13:00,211,1
13236,2011-11-15 12:50:00,24,0
13238,2011-11-22 15:37:00,16,0
13239,2011-03-23 10:25:00,261,1
13240,2011-09-04 14:08:00,95,1
13242,2011-08-19 12:53:00,111,1
13243,2011-05-20 13:14:00,202,1
13244,2011-09-08 11:46:00,92,1
13245,2011-10-20 11:40:00,50,0
13246,2011-11-21 16:50:00,17,0
13247,2011-11-22 10:59:00,17,0
13248,2011-08-07 12:40:00,124,1
13249,2011-09-08 13:26:00,91,1
13253,2011-07-06 10:09:00,156,1
13255,2011-11-30 13:14:00,8,0
13258,2011-11-28 09:31:00,11,0
13259,2011-10-09 10:48:00,61,0
13260,2011-10-09 13:21:00,60,0
13261,2011-03-16 12:22:00,268,1
13262,2011-03-21 15:06:00,262,1
13263,2011-12-08 13:59:00,0,0
13265,2011-10-17 15:02:00,52,0
13266,2011-11-28 14:39:00,10,0
13267,2011-12-07 11:12:00,2,0
13268,2011-11-22 11:51:00,17,0
13269,2011-12-08 14:53:00,0,0
13270,2010-12-08 14:53:00,365,1
13271,2011-11-02 14:31:00,36,0
13272,2011-11-08 14:00:00,30,0
13273,2011-08-18 14:02:00,112,1
13276,2011-10-07 12:44:00,63,0
13277,2011-11-24 09:21:00,15,0
13278,2011-10-30 11:49:00,40,0
13279,2011-09-22 17:24:00,77,0
13280,2011-08-09 13:14:00,121,1
13282,2011-11-21 15:33:00,17,0
13283,2011-10-11 09:50:00,59,0
13284,2011-01-13 09:23:00,330,1
13285,2011-11-16 13:19:00,22,0
13291,2011-07-07 10:36:00,155,1
13292,2011-11-01 10:04:00,38,0
13294,2011-06-03 08:54:00,189,1
13295,2010-12-15 11:21:00,359,1
13296,2011-07-25 13:46:00,136,1
13297,2011-12-02 09:32:00,7,0
13298,2011-12-08 13:11:00,0,0
13299,2011-03-16 12:55:00,267,1
13300,2011-06-23 13:09:00,168,1
13301,2011-08-28 11:25:00,103,1
13302,2011-07-07 17:56:00,154,1
13304,2010-12-23 14:35:00,350,1
13305,2011-12-05 15:15:00,3,0
13307,2011-08-11 17:14:00,119,1
13308,2011-11-17 09:31:00,22,0
13309,2011-12-02 16:34:00,6,0
13310,2011-11-11 17:23:00,27,0
13311,2011-12-05 12:55:00,3,0
13313,2011-11-17 16:48:00,21,0
13314,2011-12-08 12:29:00,1,0
13316,2011-11-02 13:40:00,36,0
13317,2011-10-04 13:35:00,65,0
13318,2011-12-08 18:51:00,0,0
13319,2011-12-04 13:34:00,4,0
13320,2011-09-22 18:07:00,77,0
13321,2011-09-28 15:24:00,71,0
13322,2011-11-22 14:21:00,16,0
13323,2011-12-06 17:12:00,2,0
13324,2011-11-03 16:28:00,35,0
13325,2011-09-19 10:36:00,81,0
13327,2011-11-01 10:21:00,38,0
13328,2011-01-27 15:22:00,315,1
13329,2011-11-08 10:29:00,31,0
13330,2011-09-08 12:27:00,92,1
13332,2011-11-25 13:30:00,13,0
13334,2011-09-18 15:21:00,81,0
13336,2011-09-23 14:05:00,76,0
13338,2011-07-05 09:06:00,157,1
13339,2011-05-23 08:31:00,200,1
13340,2011-10-25 13:15:00,44,0
13341,2011-03-24 09:50:00,260,1
13343,2011-06-15 12:24:00,177,1
13344,2011-10-03 09:45:00,67,0
13345,2011-02-25 09:01:00,287,1
13347,2011-09-30 13:28:00,69,0
13348,2011-10-06 17:28:00,63,0
13349,2011-11-29 08:07:00,10,0
13350,2011-11-23 16:33:00,15,0
13351,2011-10-04 12:55:00,65,0
13352,2011-10-10 13:55:00,59,0
13354,2011-09-29 13:17:00,70,0
13355,2011-08-09 14:48:00,121,1
13356,2011-09-20 14:33:00,79,0
13357,2011-03-27 13:56:00,256,1
13358,2011-03-16 11:52:00,268,1
13359,2011-10-07 09:30:00,63,0
13362,2011-11-30 14:41:00,8,0
13363,2011-11-22 12:40:00,17,0
13364,2011-09-29 18:13:00,70,0
13365,2011-11-06 12:36:00,33,0
13366,2011-10-20 13:37:00,49,0
13368,2011-03-28 09:59:00,256,1
13369,2010-12-09 11:30:00,365,1
13370,2010-12-03 10:26:00,371,1
13372,2011-09-11 12:46:00,89,0
13373,2011-10-10 10:51:00,60,0
13375,2011-09-12 10:19:00,88,0
13376,2011-09-01 16:16:00,98,1
13379,2011-11-13 13:45:00,25,0
13381,2011-11-08 11:58:00,31,0
13382,2011-03-04 10:03:00,280,1
13384,2011-11-09 11:04:00,30,0
13385,2011-01-14 09:52:00,329,1
13388,2011-07-31 12:52:00,130,1
13389,2011-11-28 14:01:00,10,0
13390,2011-09-26 08:38:00,74,0
13391,2011-05-20 10:50:00,203,1
13394,2011-12-08 11:36:00,1,0
13395,2011-06-07 15:04:00,184,1
13396,2011-11-10 16:59:00,28,0
13397,2011-09-28 10:56:00,72,0
13398,2011-05-31 13:17:00,191,1
13402,2011-08-04 15:51:00,126,1
13403,2011-11-22 08:28:00,17,0
13404,2011-12-08 15:37:00,0,0
13405,2011-09-26 17:01:00,73,0
13408,2011-12-08 09:05:00,1,0
13410,2011-11-15 15:33:00,23,0
13411,2011-08-24 13:57:00,106,1
13414,2011-07-29 11:45:00,133,1
13416,2011-10-27 08:56:00,43,0
13417,2011-12-05 08:49:00,4,0
13418,2011-11-28 10:23:00,11,0
13419,2011-10-07 12:49:00,63,0
13420,2011-07-13 08:48:00,149,1
13421,2011-10-30 14:21:00,39,0
13422,2011-10-06 13:42:00,63,0
13425,2011-08-23 17:13:00,107,1
13426,2011-12-09 08:59:00,0,0
13427,2011-11-20 13:02:00,18,0
13428,2011-11-29 14:20:00,9,0
13429,2011-11-29 09:10:00,10,0
13430,2011-11-21 08:19:00,18,0
13431,2011-10-03 13:49:00,66,0
13434,2011-09-26 14:30:00,73,0
13435,2011-12-04 14:45:00,4,0
13436,2011-12-08 10:33:00,1,0
13437,2011-11-25 14:00:00,13,0
13439,2011-03-29 14:20:00,254,1
13441,2011-09-09 09:38:00,91,1
13447,2011-11-16 13:38:00,22,0
13448,2011-11-23 12:33:00,16,0
13449,2011-11-16 08:28:00,23,0
13450,2011-11-13 11:54:00,26,0
13451,2011-11-13 15:58:00,25,0
13452,2011-03-25 14:19:00,258,1
13453,2011-06-27 09:34:00,165,1
13455,2011-11-15 11:21:00,24,0
13456,2011-11-22 09:18:00,17,0
13458,2011-12-02 15:29:00,6,0
13460,2011-11-10 17:17:00,28,0
13461,2011-11-01 09:01:00,38,0
13462,2011-04-01 11:20:00,252,1
13464,2011-10-12 15:01:00,57,0
13466,2011-06-08 16:39:00,183,1
13467,2011-11-29 10:01:00,10,0
13468,2011-12-08 10:39:00,1,0
13470,2011-09-01 14:57:00,98,1
13471,2011-12-08 15:44:00,0,0
13473,2011-10-10 11:20:00,60,0
13474,2011-04-17 13:53:00,235,1
13475,2011-06-01 13:52:00,190,1
13476,2011-06-14 12:00:00,178,1
13477,2011-11-02 12:04:00,37,0
13479,2011-05-23 10:45:00,200,1
13481,2011-10-25 09:07:00,45,0
13482,2011-04-21 17:03:00,231,1
13483,2011-10-05 11:53:00,65,0
13484,2011-04-12 16:30:00,240,1
13485,2011-04-20 13:58:00,232,1
13486,2011-09-22 13:13:00,77,0
13487,2011-10-13 12:07:00,57,0
13488,2011-11-22 14:41:00,16,0
13489,2011-08-26 13:16:00,104,1
13491,2011-10-19 08:32:00,51,0
13492,2011-07-26 14:25:00,135,1
13493,2011-03-09 15:35:00,274,1
13494,2011-02-01 11:58:00,311,1
13495,2011-12-02 11:21:00,7,0
13496,2011-11-29 10:58:00,10,0
13497,2011-03-02 09:04:00,282,1
13499,2011-11-22 11:21:00,17,0
13500,2011-11-16 15:35:00,22,0
13501,2011-02-24 18:59:00,287,1
13502,2011-11-23 10:39:00,16,0
13503,2011-09-29 13:23:00,70,0
13504,2011-10-06 13:20:00,63,0
13505,2011-09-28 11:56:00,72,0
13506,2011-01-27 13:53:00,315,1
13507,2011-12-06 13:13:00,2,0
13508,2011-04-10 11:58:00,243,1
13509,2011-12-01 10:10:00,8,0
13510,2011-12-08 13:46:00,0,0
13512,2011-03-24 10:03:00,260,1
13513,2011-08-05 11:50:00,126,1
13514,2011-09-27 09:39:00,73,0
13515,2011-09-28 11:26:00,72,0
13516,2011-11-18 13:15:00,20,0
13517,2011-10-11 11:43:00,59,0
13518,2011-09-15 10:29:00,85,0
13519,2011-09-22 18:24:00,77,0
13520,2011-10-12 10:20:00,58,0
13521,2011-12-08 13:50:00,0,0
13522,2011-11-09 15:11:00,29,0
13523,2011-11-06 15:11:00,32,0
13524,2011-10-30 12:34:00,40,0
13525,2011-11-25 12:01:00,14,0
13527,2011-11-06 12:04:00,33,0
13529,2011-09-22 09:15:00,78,0
13531,2011-05-18 16:56:00,204,1
13532,2011-11-06 12:25:00,33,0
13533,2011-06-10 11:54:00,182,1
13534,2011-12-07 14:52:00,1,0
13536,2011-12-08 16:38:00,0,0
13538,2011-10-27 16:34:00,42,0
13539,2011-09-15 10:18:00,85,0
13544,2011-10-31 11:57:00,39,0
13546,2011-11-27 14:50:00,11,0
13548,2011-09-04 14:50:00,95,1
13549,2011-11-14 09:20:00,25,0
13551,2011-01-24 14:46:00,318,1
13552,2011-10-04 15:19:00,65,0
13555,2011-09-27 12:36:00,73,0
13557,2011-11-11 15:24:00,27,0
13558,2011-12-04 11:24:00,5,0
13560,2011-12-02 13:11:00,6,0
13561,2011-05-08 12:39:00,215,1
13562,2011-09-19 10:51:00,81,0
13563,2011-09-16 14:45:00,83,0
13564,2011-07-18 14:33:00,143,1
13565,2011-11-20 14:33:00,18,0
13566,2011-10-30 11:59:00,40,0
13568,2011-06-19 14:42:00,172,1
13569,2011-11-22 13:07:00,16,0
13570,2011-04-10 13:36:00,242,1
13571,2011-11-27 10:47:00,12,0
13572,2011-05-18 11:59:00,205,1
13573,2011-10-20 14:33:00,49,0
13575,2011-11-16 13:14:00,22,0
13576,2011-11-29 15:34:00,9,0
13577,2011-11-14 15:19:00,24,0
13579,2011-11-25 08:41:00,14,0
13581,2011-02-03 14:41:00,308,1
13583,2011-07-07 10:40:00,155,1
13584,2011-02-06 12:49:00,306,1
13587,2011-10-07 12:31:00,63,0
13588,2011-11-24 10:42:00,15,0
13589,2011-11-25 12:10:00,14,0
13590,2011-11-28 12:54:00,10,0
13591,2011-10-06 12:26:00,64,0
13592,2011-11-04 09:49:00,35,0
13593,2011-08-23 13:35:00,107,1
13594,2011-10-18 10:19:00,52,0
13596,2011-12-04 12:01:00,5,0
13598,2011-10-23 14:28:00,46,0
13599,2011-12-08 16:10:00,0,0
13600,2011-01-31 15:27:00,311,1
13601,2011-10-25 17:31:00,44,0
13602,2011-10-06 11:47:00,64,0
13603,2011-11-13 15:57:00,25,0
13606,2011-11-10 17:46:00,28,0
13607,2011-10-30 16:17:00,39,0
13610,2011-11-27 15:38:00,11,0
13611,2011-09-11 14:51:00,88,0
13614,2011-11-15 14:47:00,23,0
13615,2011-01-25 08:21:00,318,1
13617,2011-10-30 13:50:00,39,0
13618,2011-06-19 11:09:00,173,1
13621,2011-08-15 08:26:00,116,1
13623,2011-11-09 12:00:00,30,0
13626,2011-04-01 10:05:00,252,1
13627,2011-10-11 14:20:00,58,0
13629,2011-11-16 13:21:00,22,0
13630,2011-12-04 15:16:00,4,0
13631,2011-09-01 09:57:00,99,1
13632,2011-11-15 10:51:00,24,0
13634,2011-11-06 13:40:00,32,0
13635,2011-10-03 10:55:00,67,0
13636,2011-11-03 10:30:00,36,0
13637,2011-10-18 13:32:00,51,0
13638,2011-11-24 10:38:00,15,0
13639,2011-09-26 13:36:00,73,0
13642,2011-05-08 12:34:00,215,1
13643,2011-11-08 15:37:00,30,0
13644,2011-11-23 14:07:00,15,0
13645,2011-08-11 16:11:00,119,1
13647,2011-11-30 12:00:00,9,0
13649,2011-03-28 11:51:00,256,1
13650,2011-11-23 12:22:00,16,0
13651,2011-11-04 14:59:00,34,0
13652,2011-10-25 08:51:00,45,0
13654,2011-10-27 16:24:00,42,0
13655,2011-08-17 14:25:00,113,1
13656,2011-06-28 10:31:00,164,1
13657,2011-11-29 12:32:00,10,0
13658,2011-11-30 10:13:00,9,0
13659,2011-05-18 12:37:00,205,1
13662,2011-09-15 12:04:00,85,0
13663,2011-06-13 15:44:00,178,1
13666,2011-10-10 15:39:00,59,0
13667,2011-07-13 15:42:00,148,1
13668,2011-12-07 12:11:00,2,0
13669,2011-10-20 09:32:00,50,0
13670,2011-09-25 15:25:00,74,0
13672,2011-02-11 13:53:00,300,1
13673,2011-11-21 12:11:00,18,0
13675,2011-07-11 12:57:00,150,1
13678,2011-07-11 10:14:00,151,1
13680,2011-12-08 13:47:00,0,0
13681,2011-11-22 11:13:00,17,0
13682,2011-06-05 14:06:00,186,1
13684,2011-02-27 10:13:00,285,1
13685,2011-12-07 11:41:00,2,0
13686,2011-06-10 09:10:00,182,1
13689,2011-10-07 13:21:00,62,0
13690,2011-10-11 15:03:00,58,0
13692,2011-11-15 11:17:00,24,0
13694,2011-12-06 09:32:00,3,0
13695,2011-11-08 14:26:00,30,0
13697,2011-11-01 09:14:00,38,0
13699,2011-07-07 16:51:00,154,1
13700,2011-11-13 13:00:00,25,0
13703,2011-01-25 13:10:00,317,1
13704,2011-12-04 15:13:00,4,0
13705,2011-12-02 12:32:00,7,0
13706,2011-02-10 09:21:00,302,1
13707,2011-03-17 18:03:00,266,1
13708,2011-03-13 13:46:00,270,1
13709,2011-12-06 10:28:00,3,0
13710,2011-11-08 08:16:00,31,0
13711,2011-05-05 10:31:00,218,1
13712,2011-04-07 12:33:00,246,1
13715,2011-03-03 19:21:00,280,1
13716,2011-03-15 13:49:00,268,1
13717,2011-11-07 14:13:00,31,0
13718,2011-04-07 13:24:00,245,1
13719,2011-11-24 15:26:00,14,0
13720,2011-08-15 12:46:00,116,1
13721,2011-11-03 14:05:00,35,0
13722,2011-07-31 12:44:00,131,1
13723,2011-05-06 17:04:00,216,1
13725,2011-10-21 10:03:00,49,0
13726,2011-11-01 10:49:00,38,0
13727,2011-11-11 09:46:00,28,0
13728,2011-11-03 10:49:00,36,0
13730,2011-07-27 08:35:00,135,1
13731,2011-05-04 14:33:00,218,1
13732,2011-11-11 15:49:00,27,0
13735,2011-11-15 11:14:00,24,0
13736,2011-12-04 15:19:00,4,0
13737,2011-05-23 16:32:00,199,1
13739,2011-11-21 13:35:00,17,0
13740,2011-04-13 10:32:00,240,1
13741,2011-09-29 09:19:00,71,0
13742,2011-11-23 11:07:00,16,0
13743,2011-12-07 10:09:00,2,0
13744,2011-09-05 15:19:00,94,1
13745,2011-06-30 16:43:00,161,1
13747,2010-12-01 10:37:00,373,1
13748,2011-09-05 09:45:00,95,1
13750,2011-10-17 12:16:00,53,0
13751,2011-02-24 15:56:00,287,1
13752,2011-08-07 14:16:00,123,1
13753,2011-02-25 12:48:00,287,1
13754,2011-07-11 11:51:00,151,1
13755,2011-12-06 12:26:00,3,0
13756,2011-12-07 16:44:00,1,0
13758,2011-11-28 11:11:00,11,0
13759,2011-11-06 14:47:00,32,0
13760,2011-10-16 16:13:00,53,0
13761,2011-10-20 14:01:00,49,0
13762,2011-05-05 09:15:00,218,1
13763,2011-10-07 15:13:00,62,0
13764,2011-09-30 12:03:00,70,0
13767,2011-12-07 15:00:00,1,0
13769,2011-12-07 15:08:00,1,0
13771,2011-10-06 14:18:00,63,0
13772,2011-11-06 11:43:00,33,0
13774,2011-09-19 12:06:00,81,0
13777,2011-12-09 12:25:00,0,0
13778,2011-08-28 15:25:00,102,1
13780,2011-12-02 13:49:00,6,0
13781,2011-04-03 12:08:00,250,1
13782,2011-11-27 11:54:00,12,0
13784,2011-11-30 09:33:00,9,0
13786,2010-12-07 13:53:00,366,1
13787,2011-09-25 12:06:00,75,0
13790,2011-12-05 15:48:00,3,0
13791,2011-08-04 11:44:00,127,1
13792,2011-10-04 14:31:00,65,0
13798,2011-12-08 15:51:00,0,0
13799,2011-08-15 12:07:00,116,1
13800,2011-02-03 12:27:00,309,1
13801,2011-10-04 10:15:00,66,0
13802,2011-07-24 10:54:00,138,1
13803,2011-03-29 12:57:00,254,1
13804,2011-11-09 12:32:00,30,0
13805,2011-10-18 14:50:00,51,0
13806,2011-10-07 11:43:00,63,0
13807,2010-12-07 15:48:00,366,1
13808,2011-12-04 12:18:00,5,0
13809,2011-02-07 13:15:00,304,1
13810,2011-11-11 08:33:00,28,0
13811,2011-06-09 09:54:00,183,1
13812,2011-10-28 14:27:00,41,0
13813,2011-10-31 10:38:00,39,0
13814,2011-09-08 13:48:00,91,1
13815,2011-11-17 14:19:00,21,0
13816,2011-11-16 08:38:00,23,0
13817,2011-11-10 17:49:00,28,0
13819,2011-02-11 10:38:00,301,1
13821,2011-07-18 09:49:00,144,1
13822,2011-12-04 12:13:00,5,0
13823,2011-11-21 10:22:00,18,0
13824,2011-11-07 12:41:00,32,0
13826,2011-06-16 13:48:00,175,1
13827,2011-10-13 12:38:00,57,0
13828,2011-11-17 16:02:00,21,0
13831,2011-11-23 15:41:00,15,0
13832,2011-11-20 15:36:00,18,0
13833,2011-07-03 13:27:00,158,1
13835,2011-11-14 15:37:00,24,0
13837,2011-05-12 12:10:00,211,1
13838,2011-12-04 11:00:00,5,0
13841,2011-04-01 12:10:00,252,1
13842,2011-10-12 10:51:00,58,0
13844,2011-11-28 13:21:00,10,0
13845,2011-10-06 08:25:00,64,0
13846,2011-11-15 12:07:00,24,0
13848,2011-09-08 12:58:00,91,1
13849,2011-10-19 10:59:00,51,0
13850,2011-08-02 14:04:00,128,1
13851,2011-09-05 12:36:00,95,1
13853,2011-10-13 14:18:00,56,0
13854,2011-12-01 09:06:00,8,0
13856,2011-06-24 10:03:00,168,1
13858,2011-10-13 16:17:00,56,0
13859,2011-01-17 16:14:00,325,1
13860,2011-12-08 12:57:00,0,0
13862,2011-11-21 16:24:00,17,0
13863,2011-04-06 10:20:00,247,1
13865,2011-10-12 13:31:00,57,0
13866,2011-09-26 14:54:00,73,0
13867,2011-11-08 15:48:00,30,0
13868,2011-12-02 16:32:00,6,0
13869,2011-08-08 13:53:00,122,1
13870,2011-12-07 13:23:00,1,0
13871,2011-11-17 10:49:00,22,0
13873,2011-08-12 10:08:00,119,1
13874,2010-12-16 18:20:00,357,1
13875,2011-10-17 09:36:00,53,0
13876,2011-10-07 10:22:00,63,0
13877,2011-09-14 15:49:00,85,0
13878,2011-10-16 12:19:00,54,0
13880,2011-11-18 13:44:00,20,0
13881,2011-12-06 12:50:00,3,0
13882,2011-12-07 11:16:00,2,0
13883,2011-11-29 10:45:00,10,0
13884,2011-12-02 16:30:00,6,0
13885,2011-06-03 15:07:00,188,1
13886,2011-09-29 13:17:00,70,0
13887,2011-05-19 17:22:00,203,1
13888,2011-08-12 10:13:00,119,1
13889,2011-09-08 09:13:00,92,1
13890,2011-12-08 15:36:00,0,0
13892,2011-11-13 11:50:00,26,0
13893,2011-02-15 11:30:00,297,1
13894,2011-11-16 09:44:00,23,0
13895,2011-11-11 16:57:00,27,0
13897,2011-10-20 14:30:00,49,0
13898,2011-01-18 10:28:00,325,1
13899,2011-11-23 13:40:00,15,0
13900,2011-06-09 19:26:00,182,1
13901,2011-09-28 14:48:00,71,0
13904,2011-11-02 13:41:00,36,0
13908,2011-09-21 11:49:00,79,0
13911,2011-10-13 15:43:00,56,0
13914,2011-11-28 10:35:00,11,0
13917,2011-10-21 09:56:00,49,0
13918,2011-10-21 12:25:00,49,0
13919,2011-10-11 14:24:00,58,0
13922,2010-12-23 10:38:00,351,1
13923,2011-10-17 12:33:00,53,0
13924,2011-12-08 09:39:00,1,0
13925,2011-09-08 12:47:00,92,1
13926,2011-11-16 13:16:00,22,0
13927,2011-09-26 12:00:00,74,0
13928,2011-11-29 10:33:00,10,0
13929,2011-06-23 15:26:00,168,1
13930,2011-10-13 09:45:00,57,0
13931,2011-09-05 10:12:00,95,1
13932,2011-02-18 12:02:00,294,1
13933,2011-08-22 14:03:00,108,1
13934,2011-03-21 08:39:00,263,1
13936,2011-06-13 08:47:00,179,1
13937,2011-06-23 16:35:00,168,1
13938,2011-11-04 14:37:00,34,0
13939,2011-11-16 13:33:00,22,0
13940,2011-11-22 15:15:00,16,0
13941,2011-11-18 09:43:00,21,0
13946,2011-09-21 13:33:00,78,0
13947,2011-10-05 14:42:00,64,0
13948,2010-12-14 10:18:00,360,1
13949,2011-12-07 09:35:00,2,0
13950,2011-11-28 14:44:00,10,0
13951,2011-06-16 16:43:00,175,1
13952,2011-05-06 09:00:00,217,1
13953,2011-12-02 16:04:00,6,0
13954,2011-12-08 12:50:00,1,0
13955,2011-07-08 17:19:00,153,1
13956,2011-12-04 13:20:00,4,0
13959,2011-09-21 15:06:00,78,0
13960,2011-11-18 15:27:00,20,0
13962,2011-11-18 08:47:00,21,0
13963,2011-02-04 14:43:00,307,1
13967,2011-07-17 12:02:00,145,1
13969,2011-12-02 15:11:00,6,0
13971,2011-11-21 12:06:00,18,0
13972,2011-09-30 11:54:00,70,0
13973,2011-02-25 15:21:00,286,1
13974,2011-10-21 14:41:00,48,0
13975,2011-11-08 13:19:00,30,0
13976,2011-05-17 09:13:00,206,1
13978,2011-11-25 11:36:00,14,0
13979,2011-09-27 13:32:00,72,0
13980,2011-10-10 13:34:00,59,0
13982,2011-10-31 16:24:00,38,0
13983,2011-11-10 11:06:00,29,0
13984,2011-11-13 12:38:00,26,0
13985,2011-12-05 17:06:00,3,0
13986,2011-11-22 15:00:00,16,0
13988,2011-11-20 10:15:00,19,0
13989,2011-10-05 09:47:00,65,0
13990,2011-05-10 15:19:00,212,1
13991,2011-11-27 16:18:00,11,0
13992,2011-11-09 15:23:00,29,0
13993,2011-10-28 09:06:00,42,0
13994,2011-12-06 11:05:00,3,0
13995,2011-11-24 14:22:00,14,0
13999,2011-11-29 13:40:00,9,0
14000,2011-05-12 16:50:00,210,1
14001,2011-10-25 10:31:00,45,0
14002,2011-07-28 15:55:00,133,1
14004,2011-10-27 14:40:00,42,0
14005,2011-11-30 12:41:00,9,0
14006,2011-08-16 09:39:00,115,1
14009,2011-05-25 15:47:00,197,1
14012,2011-03-07 12:26:00,277,1
14013,2011-08-21 15:01:00,109,1
14014,2011-09-23 13:18:00,76,0
14015,2011-10-18 10:02:00,52,0
14016,2011-07-01 11:29:00,161,1
14019,2011-10-24 10:13:00,46,0
14020,2011-11-23 09:22:00,16,0
14021,2011-07-07 15:46:00,154,1
14022,2011-04-28 14:39:00,224,1
14023,2011-12-02 13:58:00,6,0
14024,2011-08-10 11:30:00,121,1
14027,2011-10-10 09:01:00,60,0
14029,2011-10-07 14:46:00,62,0
14030,2011-11-21 16:48:00,17,0
14031,2011-12-02 17:13:00,6,0
14032,2011-12-07 15:23:00,1,0
14034,2011-11-17 14:02:00,21,0
14035,2011-11-11 10:03:00,28,0
14036,2011-02-28 09:26:00,284,1
14037,2011-06-16 13:57:00,175,1
14038,2011-09-22 13:37:00,77,0
14039,2011-11-06 13:48:00,32,0
14040,2011-10-30 12:42:00,40,0
14041,2011-03-18 13:25:00,265,1
14044,2011-11-13 12:05:00,26,0
14045,2011-08-22 15:27:00,108,1
14046,2011-02-28 14:48:00,283,1
14047,2011-12-01 11:43:00,8,0
14048,2011-02-07 14:53:00,304,1
14049,2011-11-23 12:20:00,16,0
14050,2011-11-08 10:00:00,31,0
14051,2011-12-09 10:20:00,0,0
14052,2011-11-20 12:30:00,19,0
14053,2011-08-07 14:27:00,123,1
14054,2011-10-05 15:49:00,64,0
14055,2011-08-25 15:04:00,105,1
14056,2011-12-08 13:36:00,0,0
14057,2011-11-16 10:32:00,23,0
14059,2011-03-18 10:06:00,266,1
14060,2011-12-05 12:29:00,4,0
14062,2011-11-30 10:04:00,9,0
14064,2011-11-10 13:14:00,28,0
14066,2011-03-18 12:21:00,266,1
14067,2011-10-07 10:21:00,63,0
14068,2011-01-23 16:02:00,319,1
14071,2011-12-06 12:27:00,3,0
14073,2011-11-07 15:49:00,31,0
14075,2011-12-05 08:38:00,4,0
14076,2011-08-02 15:19:00,128,1
14077,2011-10-30 12:35:00,40,0
14078,2011-08-30 12:16:00,101,1
14079,2011-08-07 12:10:00,124,1
14080,2011-11-07 11:09:00,32,0
14081,2011-02-10 16:17:00,301,1
14082,2010-12-10 11:02:00,364,1
14083,2011-12-05 13:14:00,3,0
14085,2011-12-07 13:46:00,1,0
14087,2011-12-07 12:41:00,2,0
14088,2011-11-29 16:16:00,9,0
14089,2011-10-14 10:38:00,56,0
14090,2011-01-19 10:51:00,324,1
14092,2011-12-02 12:13:00,7,0
14093,2011-11-27 16:27:00,11,0
14096,2011-12-05 17:17:00,3,0
14098,2011-11-03 10:13:00,36,0
14099,2011-11-23 13:53:00,15,0
14100,2011-07-25 11:01:00,137,1
14101,2011-09-27 12:28:00,73,0
14102,2011-12-04 15:38:00,4,0
14104,2011-07-08 12:50:00,154,1
14105,2011-04-14 17:58:00,238,1
14107,2011-10-19 12:12:00,51,0
14108,2011-11-09 10:41:00,30,0
14109,2011-09-28 10:18:00,72,0
14110,2011-12-06 12:26:00,3,0
14111,2011-11-25 13:44:00,13,0
14112,2011-11-17 12:30:00,22,0
14113,2011-12-06 12:18:00,3,0
14114,2011-03-11 09:42:00,273,1
14116,2011-11-20 10:29:00,19,0
14117,2011-07-19 09:49:00,143,1
14121,2011-12-06 12:19:00,3,0
14124,2011-09-16 13:32:00,83,0
14125,2011-11-29 12:47:00,10,0
14126,2011-12-02 11:45:00,7,0
14127,2011-08-09 10:49:00,122,1
14128,2011-10-10 12:00:00,60,0
14129,2011-12-08 11:02:00,1,0
14130,2011-01-24 16:05:00,318,1
14132,2011-12-07 13:35:00,1,0
14133,2011-08-02 11:34:00,129,1
14135,2011-12-08 11:38:00,1,0
14138,2011-12-08 12:44:00,1,0
14139,2011-10-24 13:34:00,45,0
14140,2011-12-06 09:05:00,3,0
14141,2011-12-07 09:53:00,2,0
14142,2010-12-01 16:33:00,372,1
14143,2011-07-29 09:48:00,133,1
14145,2011-10-24 12:10:00,46,0
14146,2011-12-01 10:18:00,8,0
14147,2011-09-22 18:10:00,77,0
14148,2011-04-20 12:02:00,233,1
14149,2011-05-03 09:44:00,220,1
14150,2011-11-04 10:05:00,35,0
14152,2011-09-25 12:54:00,74,0
14154,2011-04-14 16:26:00,238,1
14155,2011-03-18 14:13:00,265,1
14156,2011-11-30 10:54:00,9,0
14157,2011-11-20 11:32:00,19,0
14158,2011-10-30 15:08:00,39,0
14159,2011-11-20 12:36:00,19,0
14161,2011-05-08 11:41:00,215,1
14162,2011-06-19 11:36:00,173,1
14163,2011-09-13 15:18:00,86,0
14164,2011-09-30 12:24:00,70,0
14165,2011-03-09 12:39:00,275,1
14167,2011-10-31 14:29:00,38,0
14171,2011-09-02 16:43:00,97,1
14173,2011-11-29 11:54:00,10,0
14174,2011-11-06 13:17:00,32,0
14175,2011-10-11 11:55:00,59,0
14176,2011-02-15 13:12:00,296,1
14177,2011-09-14 15:11:00,85,0
14178,2011-12-01 12:01:00,8,0
14179,2011-10-30 12:07:00,40,0
14180,2011-11-29 10:56:00,10,0
14184,2011-10-04 12:43:00,66,0
14185,2011-01-12 13:52:00,330,1
14188,2011-11-09 12:45:00,30,0
14189,2011-12-07 15:55:00,1,0
14191,2011-12-08 09:23:00,1,0
14193,2011-10-03 09:34:00,67,0
14194,2011-12-05 10:38:00,4,0
14195,2011-05-22 10:29:00,201,1
14196,2011-08-25 10:25:00,106,1
14198,2011-11-21 16:35:00,17,0
14199,2011-05-05 13:44:00,217,1
14201,2011-10-10 13:27:00,59,0
14204,2011-12-07 13:38:00,1,0
14205,2011-11-23 10:55:00,16,0
14206,2011-04-14 16:38:00,238,1
14208,2011-09-06 12:48:00,94,1
14209,2011-11-29 10:18:00,10,0
14210,2011-08-26 12:36:00,105,1
14211,2011-10-17 13:23:00,52,0
14212,2011-09-11 12:45:00,89,0
14214,2011-11-09 10:31:00,30,0
14215,2011-11-28 12:19:00,11,0
14216,2011-12-06 14:56:00,2,0
14217,2011-12-08 11:53:00,1,0
14218,2011-10-28 10:00:00,42,0
14219,2011-12-05 16:23:00,3,0
14220,2011-04-06 13:23:00,246,1
14221,2011-10-28 13:42:00,41,0
14222,2011-06-15 16:42:00,176,1
14223,2011-09-08 13:38:00,91,1
14224,2011-08-21 13:24:00,109,1
14226,2011-11-11 11:34:00,28,0
14227,2011-11-13 15:48:00,25,0
14229,2011-10-19 10:04:00,51,0
14231,2011-06-09 11:05:00,183,1
14232,2011-10-28 11:09:00,42,0
14233,2011-10-21 15:54:00,48,0
14234,2011-11-17 17:53:00,21,0
14235,2011-09-25 14:37:00,74,0
14236,2011-09-20 09:13:00,80,0
14237,2010-12-01 13:20:00,372,1
14238,2011-01-17 14:40:00,325,1
14239,2011-10-27 14:40:00,42,0
14240,2011-11-09 13:45:00,29,0
14241,2011-06-09 11:46:00,183,1
14242,2011-04-19 11:46:00,234,1
14243,2011-12-01 11:12:00,8,0
14245,2011-05-04 08:40:00,219,1
14246,2011-08-21 11:50:00,110,1
14247,2011-03-06 15:21:00,277,1
14248,2011-01-25 14:45:00,317,1
14250,2011-12-02 14:30:00,6,0
14251,2011-12-08 08:32:00,1,0
14256,2011-03-24 13:17:00,259,1
14257,2011-10-06 16:54:00,63,0
14258,2011-11-30 15:27:00,8,0
14259,2011-07-21 10:44:00,141,1
14261,2011-10-20 10:04:00,50,0
14262,2011-12-01 14:17:00,7,0
14264,2011-07-08 10:20:00,154,1
14265,2011-08-22 13:32:00,108,1
14267,2011-06-30 10:09:00,162,1
14270,2011-01-12 09:33:00,331,1
14271,2011-04-28 12:47:00,225,1
14272,2011-09-27 10:08:00,73,0
14273,2011-10-19 13:20:00,50,0
14276,2011-09-02 09:45:00,98,1
14277,2011-11-24 15:01:00,14,0
14280,2011-05-27 10:37:00,196,1
14282,2011-12-06 17:04:00,2,0
14284,2011-11-09 08:11:00,30,0
14285,2011-11-18 14:50:00,20,0
14286,2011-11-16 10:34:00,23,0
14287,2011-12-01 13:25:00,7,0
14288,2011-05-10 13:22:00,212,1
14289,2011-12-01 11:44:00,8,0
14290,2011-11-28 14:02:00,10,0
14291,2011-12-08 10:26:00,1,0
14292,2011-12-02 11:50:00,7,0
14293,2011-12-06 15:17:00,2,0
14295,2011-10-30 15:50:00,39,0
14297,2011-11-22 09:06:00,17,0
14298,2011-12-01 13:12:00,7,0
14299,2011-12-01 16:05:00,7,0
14300,2011-11-21 08:57:00,18,0
14301,2011-08-14 15:33:00,116,1
14304,2011-05-01 11:50:00,222,1
14305,2011-09-29 15:29:00,70,0
14306,2011-10-19 13:23:00,50,0
14307,2011-09-12 09:38:00,88,0
14309,2011-12-01 13:33:00,7,0
14311,2011-04-11 10:14:00,242,1
14312,2011-10-24 09:46:00,46,0
14314,2011-08-25 10:39:00,106,1
14315,2011-10-26 12:06:00,44,0
14317,2011-10-06 10:44:00,64,0
14320,2011-05-17 09:24:00,206,1
14321,2011-11-29 09:47:00,10,0
14323,2011-08-17 11:37:00,114,1
14326,2011-04-11 15:04:00,241,1
14327,2011-06-29 13:58:00,162,1
14329,2011-11-22 15:50:00,16,0
14331,2011-08-07 13:17:00,123,1
14332,2011-11-17 11:54:00,22,0
14333,2011-10-03 10:38:00,67,0
14334,2011-11-23 10:01:00,16,0
14335,2011-11-23 13:41:00,15,0
14336,2011-11-23 11:40:00,16,0
14338,2011-07-01 14:08:00,160,1
14339,2011-04-11 11:06:00,242,1
14340,2011-05-05 09:44:00,218,1
14341,2011-10-25 15:48:00,44,0
14342,2011-11-18 13:21:00,20,0
14344,2011-08-04 13:51:00,126,1
14345,2011-11-01 09:51:00,38,0
14346,2011-08-11 09:47:00,120,1
14348,2011-03-24 16:23:00,259,1
14349,2011-11-29 15:39:00,9,0
14350,2011-03-10 14:14:00,273,1
14351,2011-06-28 11:56:00,164,1
14352,2011-07-05 15:41:00,156,1
14353,2011-05-08 16:06:00,214,1
14354,2011-12-04 11:32:00,5,0
14355,2010-12-09 12:16:00,365,1
14356,2011-09-21 09:18:00,79,0
14357,2011-10-27 16:23:00,42,0
14359,2011-11-20 13:17:00,18,0
14360,2011-11-08 09:12:00,31,0
14362,2011-11-17 15:08:00,21,0
14364,2011-08-23 11:01:00,108,1
14367,2011-12-01 13:19:00,7,0
14368,2011-01-24 09:52:00,319,1
14371,2011-02-17 16:35:00,294,1
14373,2010-12-16 15:40:00,357,1
14375,2011-06-07 13:44:00,184,1
14377,2011-06-01 13:32:00,190,1
14379,2011-10-26 16:43:00,43,0
14381,2011-10-18 17:10:00,51,0
14382,2011-11-13 16:18:00,25,0
14383,2011-11-01 15:53:00,37,0
14385,2011-11-30 15:36:00,8,0
14386,2011-02-16 09:45:00,296,1
14387,2011-11-07 12:29:00,32,0
14388,2011-11-29 13:32:00,9,0
14389,2011-10-05 15:17:00,64,0
14390,2011-11-29 13:49:00,9,0
14393,2011-05-05 18:16:00,217,1
14395,2011-12-07 14:34:00,1,0
14396,2011-10-05 16:09:00,64,0
14397,2011-12-07 09:22:00,2,0
14400,2011-07-13 15:50:00,148,1
14401,2011-12-05 13:30:00,3,0
14403,2011-08-01 12:57:00,129,1
14404,2011-11-06 12:30:00,33,0
14406,2011-08-12 16:54:00,118,1
14407,2011-08-24 14:02:00,106,1
14408,2011-11-29 11:41:00,10,0
14409,2011-09-29 18:18:00,70,0
14410,2011-09-08 15:08:00,91,1
14411,2011-02-02 10:56:00,310,1
14412,2011-10-28 10:45:00,42,0
14413,2010-12-12 13:37:00,361,1
14414,2011-09-09 12:09:00,91,1
14415,2011-12-08 14:38:00,0,0
14416,2011-11-17 15:22:00,21,0
14418,2011-12-06 11:39:00,3,0
14419,2011-11-29 11:22:00,10,0
14420,2011-09-01 18:07:00,98,1
14421,2011-10-13 13:24:00,56,0
14422,2011-12-09 11:26:00,0,0
14423,2011-05-05 15:12:00,217,1
14424,2011-11-22 11:48:00,17,0
14426,2011-11-16 12:25:00,23,0
14427,2011-10-20 14:23:00,49,0
14428,2011-12-02 13:17:00,6,0
14431,2011-02-10 10:40:00,302,1
14432,2011-11-30 08:04:00,9,0
14434,2011-11-18 08:56:00,21,0
14436,2011-09-02 10:13:00,98,1
14437,2010-12-09 09:27:00,365,1
14438,2011-02-06 14:56:00,305,1
14439,2011-01-24 11:39:00,319,1
14440,2011-12-01 15:42:00,7,0
14441,2011-12-09 09:07:00,0,0
14442,2011-05-19 11:36:00,204,1
14443,2011-10-17 10:10:00,53,0
14446,2011-12-09 11:34:00,0,0
14447,2011-11-21 08:28:00,18,0
14448,2011-11-30 13:50:00,8,0
14449,2011-11-21 12:06:00,18,0
14450,2011-06-12 10:46:00,180,1
14451,2011-10-10 13:38:00,59,0
14452,2011-11-29 12:06:00,10,0
14453,2011-06-02 14:15:00,189,1
14456,2011-12-04 13:59:00,4,0
14457,2011-02-02 09:39:00,310,1
14459,2011-07-07 13:35:00,154,1
14460,2011-08-21 14:19:00,109,1
14461,2011-07-14 17:11:00,147,1
14462,2011-10-04 15:55:00,65,0
14463,2011-09-02 15:20:00,97,1
14465,2011-04-07 12:38:00,246,1
14466,2011-11-10 14:07:00,28,0
14467,2011-11-22 12:48:00,17,0
14470,2011-11-28 10:31:00,11,0
14472,2011-08-28 11:01:00,103,1
14473,2011-09-26 15:10:00,73,0
14474,2011-10-24 13:26:00,45,0
14475,2011-09-29 10:46:00,71,0
14476,2011-03-27 15:39:00,256,1
14477,2011-11-20 11:11:00,19,0
14479,2011-03-31 09:07:00,253,1
14480,2011-11-28 16:35:00,10,0
14481,2011-06-28 10:38:00,164,1
14482,2011-11-21 13:14:00,17,0
14483,2011-03-03 10:26:00,281,1
14484,2011-10-20 14:11:00,49,0
14485,2011-11-01 12:25:00,38,0
14487,2011-11-13 12:17:00,26,0
14488,2011-10-03 09:30:00,67,0
14489,2011-05-16 14:51:00,206,1
14491,2011-06-17 15:22:00,174,1
14493,2011-12-02 16:14:00,6,0
14494,2011-11-14 09:21:00,25,0
14495,2011-10-20 12:28:00,50,0
14496,2011-02-01 09:01:00,311,1
14497,2011-02-03 17:01:00,308,1
14498,2011-10-28 12:09:00,42,0
14499,2011-11-13 13:01:00,25,0
14500,2011-09-12 16:45:00,87,0
14501,2011-06-09 12:02:00,183,1
14502,2011-11-20 11:50:00,19,0
14503,2011-12-06 13:30:00,2,0
14504,2011-10-23 16:00:00,46,0
14505,2011-11-22 15:45:00,16,0
14506,2011-11-22 13:02:00,16,0
14507,2011-11-16 12:21:00,23,0
14508,2011-11-17 19:48:00,21,0
14511,2011-11-28 17:05:00,10,0
14512,2011-06-05 12:39:00,187,1
14513,2011-08-31 11:25:00,100,1
14514,2011-10-09 16:05:00,60,0
14515,2011-11-22 11:37:00,17,0
14517,2011-11-06 14:20:00,32,0
14518,2011-10-06 14:43:00,63,0
14520,2011-12-08 09:46:00,1,0
14522,2011-11-15 13:24:00,23,0
14523,2011-08-23 13:13:00,107,1
14524,2011-11-08 12:29:00,31,0
14525,2011-11-20 11:37:00,19,0
14527,2011-12-07 12:19:00,2,0
14528,2011-11-02 17:09:00,36,0
14529,2011-10-10 15:27:00,59,0
14530,2011-11-14 10:38:00,25,0
14532,2011-04-17 13:05:00,235,1
14533,2011-11-15 12:05:00,24,0
14534,2011-12-07 12:19:00,2,0
14535,2011-10-10 15:39:00,59,0
14536,2011-03-25 12:21:00,259,1
14537,2011-10-13 10:54:00,57,0
14538,2011-10-06 10:31:00,64,0
14539,2011-11-24 09:50:00,15,0
14540,2011-11-30 10:15:00,9,0
14541,2011-10-12 10:08:00,58,0
14542,2011-06-07 08:19:00,185,1
14543,2011-11-11 12:45:00,28,0
14544,2011-11-15 15:06:00,23,0
14546,2011-12-04 13:00:00,4,0
14547,2011-12-06 11:06:00,3,0
14548,2011-07-12 12:19:00,150,1
14549,2011-02-01 13:47:00,310,1
14550,2011-11-29 12:12:00,10,0
14551,2011-11-21 13:36:00,17,0
14552,2011-07-11 12:49:00,151,1
14553,2011-11-20 13:20:00,18,0
14554,2011-11-29 16:44:00,9,0
14555,2011-10-13 16:24:00,56,0
14557,2011-09-15 15:48:00,84,0
14560,2011-12-02 15:22:00,6,0
14561,2011-09-25 12:39:00,75,0
14562,2011-12-06 11:05:00,3,0
14565,2011-09-05 09:07:00,95,1
14566,2011-08-21 11:05:00,110,1
14567,2011-10-14 10:21:00,56,0
14569,2011-12-08 14:58:00,0,0
14570,2011-03-04 10:58:00,280,1
14572,2011-12-06 14:40:00,2,0
14573,2011-06-13 11:15:00,179,1
14576,2010-12-02 17:51:00,371,1
14577,2011-11-27 12:47:00,12,0
14578,2011-12-06 17:18:00,2,0
14581,2011-11-23 12:39:00,16,0
14582,2011-10-30 11:56:00,40,0
14583,2011-12-04 12:32:00,5,0
14584,2011-06-23 18:33:00,168,1
14585,2011-10-20 14:33:00,49,0
14586,2011-03-08 10:04:00,276,1
14587,2011-11-21 11:34:00,18,0
14589,2010-12-03 11:42:00,371,1
14591,2011-11-24 13:57:00,14,0
14592,2011-11-04 16:35:00,34,0
14593,2011-11-18 12:48:00,21,0
14594,2011-12-02 13:28:00,6,0
14595,2011-11-20 12:12:00,19,0
14597,2011-11-28 13:13:00,10,0
14598,2011-10-26 13:19:00,43,0
14600,2011-02-07 09:48:00,305,1
14601,2011-11-29 09:48:00,10,0
14603,2011-03-10 10:27:00,274,1
14606,2011-12-08 19:28:00,0,0
14607,2011-11-24 10:35:00,15,0
14608,2011-12-05 16:52:00,3,0
14609,2011-09-28 12:54:00,71,0
14616,2011-04-11 09:54:00,242,1
14618,2011-11-30 13:45:00,8,0
14619,2011-04-08 07:37:00,245,1
14620,2011-05-18 11:58:00,205,1
14621,2011-12-08 16:22:00,0,0
14622,2011-06-08 12:42:00,184,1
14623,2011-11-07 13:56:00,31,0
14624,2011-10-13 13:44:00,56,0
14625,2011-05-27 15:32:00,195,1
14626,2011-11-16 10:37:00,23,0
14628,2011-09-09 14:58:00,90,0
14629,2011-12-05 16:55:00,3,0
14631,2011-10-20 11:17:00,50,0
14632,2011-03-22 08:49:00,262,1
14633,2011-03-18 17:07:00,265,1
14636,2011-11-03 16:12:00,35,0
14638,2011-10-20 10:10:00,50,0
14639,2011-10-18 15:06:00,51,0
14640,2011-11-15 13:07:00,23,0
14641,2011-11-18 10:42:00,21,0
14642,2011-10-12 11:08:00,58,0
14643,2011-06-22 14:41:00,169,1
14644,2011-10-03 08:30:00,67,0
14645,2011-07-06 09:15:00,156,1
14646,2011-12-08 12:12:00,1,0
14647,2011-05-22 13:40:00,200,1
14649,2011-12-05 12:30:00,4,0
14651,2011-10-03 15:52:00,66,0
14652,2011-09-23 14:21:00,76,0
14653,2011-12-08 13:45:00,0,0
14655,2011-12-01 16:28:00,7,0
14656,2011-06-23 13:51:00,168,1
14657,2011-11-22 12:47:00,17,0
14658,2011-12-04 15:35:00,4,0
14659,2011-12-01 12:17:00,8,0
14660,2011-09-14 11:34:00,86,0
14661,2011-11-13 11:51:00,26,0
14662,2011-11-11 12:13:00,28,0
14664,2011-11-20 10:59:00,19,0
14665,2011-10-10 09:14:00,60,0
14666,2011-11-15 12:57:00,23,0
14667,2011-11-29 11:30:00,10,0
14669,2011-04-12 11:43:00,241,1
14670,2011-03-04 14:13:00,279,1
14672,2011-04-19 10:19:00,234,1
14673,2011-12-06 14:31:00,2,0
14675,2011-11-23 12:58:00,15,0
14676,2011-11-08 13:29:00,30,0
14680,2011-11-14 16:59:00,24,0
14681,2011-09-29 15:52:00,70,0
14682,2011-06-05 12:12:00,187,1
14684,2011-11-14 11:33:00,25,0
14687,2011-08-25 11:59:00,106,1
14688,2011-12-02 12:26:00,7,0
14689,2011-05-15 11:22:00,208,1
14690,2011-10-26 15:39:00,43,0
14691,2011-11-09 12:30:00,30,0
14692,2011-07-25 15:08:00,136,1
14693,2011-03-20 12:50:00,264,1
14696,2011-12-05 13:43:00,3,0
14697,2011-05-05 15:39:00,217,1
14698,2011-12-08 12:26:00,1,0
14699,2011-05-09 14:54:00,213,1
14700,2011-11-07 14:40:00,31,0
14701,2011-11-29 12:38:00,10,0
14702,2011-12-08 19:29:00,0,0
14703,2011-11-25 09:23:00,14,0
14704,2011-11-28 12:51:00,10,0
14705,2011-05-25 12:39:00,198,1
14708,2011-12-07 08:21:00,2,0
14709,2011-11-24 15:41:00,14,0
14710,2011-11-25 14:53:00,13,0
14711,2011-11-29 14:58:00,9,0
14712,2011-11-10 12:59:00,28,0
14713,2011-11-30 16:26:00,8,0
14714,2011-11-15 13:07:00,23,0
14715,2011-11-15 12:10:00,24,0
14716,2011-10-27 17:29:00,42,0
14719,2011-12-08 12:43:00,1,0
14720,2011-12-04 12:02:00,5,0
14722,2011-07-15 14:58:00,146,1
14723,2011-11-29 15:23:00,9,0
14725,2011-11-15 12:42:00,24,0
14727,2011-03-10 14:45:00,273,1
14729,2010-12-01 12:43:00,373,1
14730,2011-12-08 14:39:00,0,0
14731,2011-10-23 15:54:00,46,0
14732,2011-12-01 14:34:00,7,0
14733,2011-11-23 15:39:00,15,0
14735,2011-12-06 12:09:00,3,0
14737,2011-12-06 10:16:00,3,0
14738,2011-10-28 08:56:00,42,0
14739,2011-12-05 16:54:00,3,0
14740,2011-05-26 18:17:00,196,1
14741,2011-11-28 08:48:00,11,0
14744,2011-11-23 12:51:00,15,0
14745,2011-08-19 10:05:00,112,1
14747,2011-04-04 14:09:00,248,1
14748,2011-11-10 18:33:00,28,0
14752,2011-10-27 11:55:00,43,0
14753,2011-09-13 14:50:00,86,0
14754,2011-10-26 12:01:00,44,0
14755,2011-11-30 11:24:00,9,0
14756,2011-11-24 18:13:00,14,0
14757,2011-09-25 14:36:00,74,0
14758,2011-07-18 08:21:00,144,1
14759,2011-12-05 12:03:00,4,0
14760,2011-02-15 16:27:00,296,1
14761,2011-10-12 12:10:00,58,0
14762,2011-03-21 08:20:00,263,1
14764,2011-10-24 11:54:00,46,0
14765,2011-11-10 19:53:00,28,0
14766,2011-12-01 16:05:00,7,0
14768,2011-11-22 12:54:00,16,0
14769,2011-12-07 10:24:00,2,0
14770,2011-04-21 14:21:00,231,1
14772,2011-08-19 15:04:00,111,1
14775,2011-10-12 15:27:00,57,0
14776,2011-10-19 15:34:00,50,0
14778,2011-08-04 15:23:00,126,1
14779,2011-03-04 12:42:00,280,1
14780,2011-10-16 12:46:00,54,0
14782,2011-01-24 11:12:00,319,1
14784,2011-11-13 13:30:00,25,0
14785,2011-11-29 13:21:00,9,0
14788,2011-12-02 17:06:00,6,0
14789,2011-11-11 08:59:00,28,0
14790,2011-11-23 09:28:00,16,0
14792,2011-10-07 09:19:00,63,0
14793,2011-11-18 14:50:00,20,0
14794,2011-12-07 10:11:00,2,0
14795,2011-06-26 13:04:00,165,1
14796,2011-12-08 15:31:00,0,0
14798,2011-10-18 10:58:00,52,0
14799,2011-10-19 16:16:00,50,0
14800,2011-10-23 12:46:00,47,0
14801,2011-10-09 15:24:00,60,0
14803,2011-06-30 13:58:00,161,1
14804,2011-12-01 11:20:00,8,0
14805,2011-11-24 16:20:00,14,0
14806,2011-09-25 15:32:00,74,0
14808,2011-10-31 12:21:00,39,0
14810,2011-10-30 11:19:00,40,0
14813,2010-12-05 11:57:00,369,1
14815,2011-11-03 11:36:00,36,0
14816,2011-05-26 13:16:00,196,1
14817,2011-05-23 13:35:00,199,1
14818,2011-09-27 11:01:00,73,0
14819,2011-10-06 13:41:00,63,0
14820,2011-11-18 15:41:00,20,0
14821,2010-12-08 08:43:00,366,1
14823,2011-06-12 13:12:00,179,1
14824,2011-11-29 14:20:00,9,0
14825,2011-12-06 11:38:00,3,0
14828,2011-05-27 10:16:00,196,1
14829,2011-11-10 16:16:00,28,0
14830,2011-10-17 14:29:00,52,0
14834,2011-11-22 10:30:00,17,0
14836,2011-11-29 16:45:00,9,0
14837,2011-09-11 10:58:00,89,0
14840,2011-03-17 12:00:00,267,1
14841,2011-10-17 15:03:00,52,0
14842,2011-10-27 12:37:00,43,0
14844,2011-10-07 10:41:00,63,0
14847,2011-07-14 10:52:00,148,1
14849,2011-11-18 10:58:00,21,0
14850,2011-02-01 11:21:00,311,1
14851,2011-11-16 14:20:00,22,0
14852,2011-10-12 13:20:00,57,0
14853,2011-11-15 16:56:00,23,0
14854,2011-09-22 17:00:00,77,0
14855,2011-08-12 14:02:00,118,1
14856,2011-11-03 14:53:00,35,0
14857,2011-10-11 09:23:00,59,0
14859,2011-11-27 11:18:00,12,0
14860,2011-11-20 14:17:00,18,0
14861,2011-10-18 12:54:00,51,0
14862,2011-11-14 10:01:00,25,0
14863,2011-11-10 15:04:00,28,0
14865,2011-12-02 16:25:00,6,0
14866,2011-11-29 11:45:00,10,0
14867,2011-06-07 11:39:00,185,1
14868,2011-12-06 14:49:00,2,0
14869,2011-12-01 12:36:00,8,0
14870,2011-03-23 10:51:00,261,1
14871,2011-12-06 13:42:00,2,0
14873,2011-05-13 13:52:00,209,1
14875,2011-08-24 12:20:00,107,1
14878,2011-11-27 11:15:00,12,0
14880,2011-09-23 13:42:00,76,0
14881,2011-11-20 11:06:00,19,0
14882,2011-11-13 12:47:00,26,0
14883,2011-11-21 10:23:00,18,0
14885,2011-07-31 12:05:00,131,1
14886,2011-04-01 08:56:00,252,1
14887,2011-09-21 15:32:00,78,0
14888,2011-05-16 14:58:00,206,1
14889,2011-01-07 15:19:00,335,1
14890,2011-03-31 11:57:00,253,1
14891,2011-07-14 18:08:00,147,1
14893,2011-11-30 12:31:00,9,0
14894,2011-09-15 13:51:00,84,0
14895,2011-12-02 09:23:00,7,0
14896,2011-05-19 10:20:00,204,1
14897,2011-12-02 10:32:00,7,0
14898,2011-11-16 14:54:00,22,0
14901,2011-11-28 17:09:00,10,0
14902,2011-11-14 10:34:00,25,0
14903,2011-11-18 16:07:00,20,0
14904,2011-12-07 12:55:00,1,0
14905,2011-07-05 12:41:00,157,1
14907,2011-12-06 14:14:00,2,0
14908,2011-09-26 12:56:00,73,0
14910,2011-12-07 10:06:00,2,0
14911,2011-12-08 15:54:00,0,0
14912,2011-11-23 09:20:00,16,0
14913,2011-11-04 08:29:00,35,0
14915,2011-09-09 13:34:00,90,0
14916,2011-09-30 09:20:00,70,0
14918,2011-08-16 11:50:00,115,1
14920,2011-05-11 10:32:00,212,1
14921,2011-11-09 13:17:00,29,0
14923,2011-10-20 11:51:00,50,0
14924,2011-04-08 09:25:00,245,1
14929,2011-11-07 17:21:00,31,0
14930,2011-08-23 10:31:00,108,1
14931,2011-12-05 10:19:00,4,0
14932,2010-12-09 11:48:00,365,1
14934,2011-09-19 10:10:00,81,0
14935,2011-02-15 14:44:00,296,1
14936,2011-11-06 10:30:00,33,0
14937,2011-10-14 12:29:00,56,0
14944,2011-11-10 09:10:00,29,0
14946,2011-11-25 13:33:00,13,0
14947,2011-09-28 15:48:00,71,0
14948,2011-11-16 17:16:00,22,0
14950,2011-11-20 13:48:00,18,0
14951,2011-09-21 15:15:00,78,0
14952,2011-10-11 10:33:00,59,0
14953,2011-11-14 14:59:00,24,0
14954,2011-11-27 14:30:00,11,0
14957,2011-03-31 17:59:00,252,1
14958,2011-07-15 14:20:00,146,1
14959,2011-10-06 18:23:00,63,0
14960,2011-12-01 12:54:00,7,0
14961,2011-11-29 09:42:00,10,0
14962,2011-03-14 09:42:00,270,1
14963,2011-11-30 12:16:00,9,0
14964,2011-04-06 14:13:00,246,1
14965,2011-09-04 13:20:00,95,1
14966,2011-11-25 12:20:00,14,0
14967,2011-10-21 11:06:00,49,0
14968,2011-11-09 13:58:00,29,0
14970,2011-10-02 13:44:00,67,0
14971,2011-11-04 17:07:00,34,0
14972,2011-08-03 14:54:00,127,1
14973,2011-08-24 15:51:00,106,1
14974,2011-11-02 13:01:00,36,0
14975,2011-10-13 14:08:00,56,0
14976,2011-10-13 16:37:00,56,0
14978,2011-09-28 13:07:00,71,0
14981,2011-04-07 13:45:00,245,1
14984,2011-11-20 14:28:00,18,0
14985,2011-05-25 14:29:00,197,1
14987,2011-11-24 09:59:00,15,0
14988,2011-05-12 12:05:00,211,1
14995,2011-11-01 11:39:00,38,0
14997,2011-10-24 13:28:00,45,0
14998,2011-06-22 17:30:00,169,1
15000,2011-10-23 11:42:00,47,0
15002,2011-08-16 10:44:00,115,1
15004,2011-07-15 14:05:00,146,1
15005,2011-11-24 12:25:00,15,0
15006,2011-10-19 15:08:00,50,0
15007,2011-07-03 16:00:00,158,1
15009,2011-11-27 13:35:00,11,0
15010,2011-11-04 12:42:00,35,0
15012,2011-10-17 12:22:00,53,0
15014,2011-10-27 20:07:00,42,0
15016,2011-06-20 12:06:00,172,1
15017,2011-11-06 10:33:00,33,0
15018,2011-11-01 12:47:00,38,0
15019,2011-03-18 12:35:00,266,1
15021,2011-12-01 11:53:00,8,0
15022,2011-11-28 12:35:00,11,0
15023,2011-12-06 17:23:00,2,0
15024,2011-11-30 12:06:00,9,0
15025,2011-11-06 15:20:00,32,0
15026,2011-09-20 13:52:00,79,0
15027,2011-11-09 10:16:00,30,0
15028,2011-12-01 14:06:00,7,0
15030,2011-09-29 10:50:00,71,0
15031,2011-12-05 14:19:00,3,0
15032,2011-03-28 15:03:00,255,1
15033,2011-12-05 12:40:00,4,0
15034,2011-11-24 12:11:00,15,0
15035,2011-09-11 11:08:00,89,0
15036,2011-09-28 15:42:00,71,0
15038,2011-10-12 11:33:00,58,0
15039,2011-11-30 11:31:00,9,0
15041,2011-06-22 16:16:00,169,1
15042,2011-05-24 16:25:00,198,1
15043,2011-11-08 14:26:00,30,0
15044,2011-11-20 13:20:00,18,0
15045,2011-07-11 11:33:00,151,1
15046,2011-11-30 15:50:00,8,0
15047,2011-03-15 10:49:00,269,1
15048,2011-10-05 14:55:00,64,0
15049,2011-03-11 12:13:00,273,1
15050,2011-11-14 16:17:00,24,0
15051,2011-11-16 15:38:00,22,0
15052,2011-01-24 15:52:00,318,1
15053,2011-12-05 12:08:00,4,0
15054,2011-11-27 15:02:00,11,0
15057,2011-03-09 15:17:00,274,1
15058,2011-11-14 14:57:00,24,0
15059,2011-10-30 11:35:00,40,0
15060,2011-12-01 13:47:00,7,0
15061,2011-12-06 12:06:00,3,0
15062,2011-09-29 16:51:00,70,0
15063,2011-05-10 13:25:00,212,1
15065,2011-11-02 09:45:00,37,0
15066,2011-10-17 13:25:00,52,0
15067,2011-09-22 13:20:00,77,0
15068,2011-10-24 14:47:00,45,0
15069,2011-06-13 14:16:00,178,1
15070,2010-12-02 11:23:00,372,1
15071,2011-09-07 11:43:00,93,1
15073,2011-11-30 10:44:00,9,0
15074,2011-08-26 14:45:00,104,1
15075,2011-09-23 12:27:00,77,0
15076,2011-06-20 08:23:00,172,1
15078,2011-12-02 15:41:00,6,0
15079,2011-05-11 12:45:00,212,1
15081,2011-11-17 17:08:00,21,0
15083,2011-03-28 12:18:00,256,1
15087,2011-03-03 10:34:00,281,1
15088,2011-11-18 13:14:00,20,0
15089,2011-11-29 16:31:00,9,0
15090,2011-02-04 14:03:00,307,1
15091,2011-10-03 12:47:00,67,0
15092,2011-05-08 14:10:00,214,1
15093,2011-11-21 13:09:00,17,0
15095,2011-08-28 12:01:00,103,1
15096,2011-10-28 10:27:00,42,0
15097,2011-12-05 14:03:00,3,0
15098,2011-06-10 15:33:00,181,1
15099,2011-09-16 13:13:00,83,0
15100,2011-01-10 10:35:00,333,1
15101,2011-12-01 10:18:00,8,0
15103,2011-11-08 14:53:00,30,0
15104,2011-05-27 12:29:00,196,1
15105,2011-11-21 16:54:00,17,0
15106,2011-11-22 09:16:00,17,0
15107,2011-02-01 14:46:00,310,1
15108,2011-07-21 10:24:00,141,1
15109,2011-04-08 09:58:00,245,1
15110,2011-11-16 11:16:00,23,0
15111,2011-11-10 16:58:00,28,0
15113,2011-11-30 08:23:00,9,0
15114,2011-11-09 15:05:00,29,0
15115,2011-11-21 14:59:00,17,0
15116,2011-11-22 12:25:00,17,0
15117,2011-11-25 08:12:00,14,0
15118,2011-07-28 14:54:00,133,1
15119,2011-04-08 09:08:00,245,1
15120,2011-07-29 09:48:00,133,1
15121,2011-10-20 14:51:00,49,0
15122,2011-08-17 16:48:00,113,1
15123,2011-12-02 13:12:00,6,0
15124,2011-11-17 10:09:00,22,0
15125,2011-11-14 13:57:00,24,0
15127,2011-10-05 10:30:00,65,0
15128,2011-10-10 13:54:00,59,0
15129,2011-10-20 14:40:00,49,0
15130,2011-06-23 10:15:00,169,1
15132,2011-11-21 17:10:00,17,0
15133,2011-08-04 10:44:00,127,1
15134,2011-11-25 08:55:00,14,0
15135,2011-04-14 19:16:00,238,1
15136,2011-12-07 12:26:00,2,0
15139,2011-04-14 11:39:00,239,1
15140,2011-10-18 14:07:00,51,0
15142,2011-10-24 12:51:00,45,0
15143,2011-04-28 12:03:00,225,1
15144,2011-12-01 15:12:00,7,0
15145,2011-12-05 17:21:00,3,0
15146,2011-06-28 12:09:00,164,1
15147,2011-04-13 15:57:00,239,1
15148,2011-11-29 08:21:00,10,0
15149,2011-07-29 10:58:00,133,1
15150,2011-11-22 12:52:00,16,0
15152,2011-11-30 12:32:00,9,0
15153,2011-11-08 17:09:00,30,0
15154,2011-09-25 16:05:00,74,0
15156,2011-12-08 18:22:00,0,0
15157,2011-12-06 11:28:00,3,0
15158,2011-10-25 13:53:00,44,0
15159,2011-12-08 12:05:00,1,0
15160,2010-12-17 14:15:00,356,1
15163,2011-11-21 13:10:00,17,0
15164,2011-10-02 12:05:00,68,0
15165,2010-12-01 14:03:00,372,1
15167,2011-01-23 12:41:00,320,1
15168,2011-11-14 11:26:00,25,0
15171,2011-01-12 15:36:00,330,1
15172,2011-12-01 11:51:00,8,0
15174,2011-01-21 09:06:00,322,1
15175,2011-09-29 11:31:00,71,0
15178,2011-03-24 15:12:00,259,1
15179,2011-11-21 12:53:00,17,0
15180,2010-12-07 14:57:00,366,1
15181,2011-10-04 13:58:00,65,0
15182,2011-07-08 13:37:00,153,1
15184,2011-11-10 13:41:00,28,0
15185,2011-09-30 14:06:00,69,0
15186,2011-11-25 14:58:00,13,0
15187,2011-12-08 11:56:00,1,0
15189,2011-12-08 13:22:00,0,0
15192,2011-08-12 11:41:00,119,1
15193,2011-10-10 08:23:00,60,0
15194,2011-12-06 15:10:00,2,0
15195,2011-12-07 12:20:00,2,0
15197,2011-11-29 10:00:00,10,0
15198,2011-09-08 14:42:00,91,1
15199,2011-10-11 15:12:00,58,0
15201,2011-09-13 14:53:00,86,0
15203,2011-11-14 08:16:00,25,0
15204,2010-12-17 13:49:00,356,1
15205,2011-09-15 19:36:00,84,0
15206,2011-11-29 13:41:00,9,0
15208,2011-12-08 17:24:00,0,0
15210,2011-04-28 16:11:00,224,1
15211,2011-10-10 13:31:00,59,0
15212,2011-04-12 13:45:00,240,1
15213,2011-01-25 12:21:00,318,1
15214,2011-12-08 12:07:00,1,0
15215,2011-10-24 11:41:00,46,0
15216,2011-09-13 11:41:00,87,0
15218,2011-11-29 11:48:00,10,0
15219,2011-06-16 16:57:00,175,1
15220,2011-10-19 12:39:00,51,0
15221,2010-12-08 13:08:00,365,1
15222,2011-01-25 08:03:00,318,1
15223,2011-04-28 11:31:00,225,1
15224,2010-12-16 15:02:00,357,1
15225,2011-04-19 14:51:00,233,1
15226,2011-02-02 11:41:00,310,1
15227,2011-11-03 11:59:00,36,0
15228,2011-10-04 13:56:00,65,0
15230,2011-04-14 14:39:00,238,1
15232,2011-08-18 16:27:00,112,1
15234,2011-03-08 08:53:00,276,1
15235,2011-05-06 09:44:00,217,1
15236,2011-02-14 10:52:00,298,1
15237,2011-12-08 09:46:00,1,0
15238,2011-11-10 14:28:00,28,0
15239,2011-11-29 14:14:00,9,0
15240,2011-10-26 09:50:00,44,0
15241,2011-10-04 09:05:00,66,0
15243,2011-09-26 14:12:00,73,0
15244,2011-10-05 13:19:00,64,0
15245,2011-07-28 18:56:00,133,1
15246,2011-04-15 14:45:00,237,1
15247,2011-08-09 12:52:00,121,1
15249,2011-11-08 11:45:00,31,0
15251,2011-11-30 15:02:00,8,0
15252,2011-11-03 13:30:00,35,0
15253,2011-11-23 16:22:00,15,0
15254,2011-08-04 15:04:00,126,1
15255,2011-10-04 12:43:00,66,0
15256,2011-07-14 11:47:00,148,1
15257,2011-03-01 12:58:00,282,1
15258,2011-06-24 12:30:00,168,1
15260,2011-08-31 13:55:00,99,1
15261,2011-07-27 15:20:00,134,1
15262,2011-01-20 12:16:00,323,1
15263,2011-08-25 10:26:00,106,1
15264,2011-10-06 13:49:00,63,0
15265,2011-07-11 14:46:00,150,1
15266,2011-01-05 13:40:00,337,1
15267,2011-11-17 15:59:00,21,0
15269,2011-11-16 09:32:00,23,0
15270,2011-11-24 09:24:00,15,0
15271,2011-12-02 14:11:00,6,0
15272,2011-10-13 12:59:00,56,0
15274,2011-12-05 16:57:00,3,0
15275,2011-11-02 11:20:00,37,0
15276,2011-10-04 16:39:00,65,0
15277,2011-10-24 10:08:00,46,0
15279,2010-12-20 10:48:00,354,1
15280,2011-06-20 17:14:00,171,1
15281,2011-10-12 09:10:00,58,0
15286,2011-10-21 11:08:00,49,0
15287,2011-11-17 15:34:00,21,0
15288,2011-10-27 16:58:00,42,0
15289,2011-11-10 13:49:00,28,0
15290,2011-12-05 11:39:00,4,0
15291,2011-11-14 11:02:00,25,0
15292,2011-05-22 15:00:00,200,1
15296,2011-10-20 11:47:00,50,0
15297,2011-11-29 16:32:00,9,0
15298,2011-12-07 17:17:00,1,0
15299,2011-10-03 14:19:00,66,0
15300,2011-10-06 17:08:00,63,0
15301,2011-10-20 09:57:00,50,0
15303,2011-02-22 13:59:00,289,1
15304,2011-10-10 10:23:00,60,0
15306,2011-10-06 12:56:00,63,0
15307,2011-09-05 11:38:00,95,1
15308,2011-03-10 13:08:00,273,1
15311,2011-12-09 12:00:00,0,0
15312,2011-09-25 13:10:00,74,0
15313,2011-08-21 16:02:00,109,1
15314,2011-05-24 14:39:00,198,1
15315,2011-10-06 12:51:00,63,0
15316,2011-01-17 11:34:00,326,1
15318,2011-12-06 11:30:00,3,0
15319,2011-03-01 12:48:00,283,1
15320,2011-10-26 13:27:00,43,0
15321,2011-09-30 09:40:00,70,0
15322,2011-09-15 09:34:00,85,0
15325,2011-08-28 11:55:00,103,1
15326,2011-01-10 11:38:00,333,1
15327,2011-10-18 11:55:00,52,0
15329,2011-10-31 15:36:00,38,0
15330,2011-11-07 17:50:00,31,0
15332,2010-12-08 14:43:00,365,1
15333,2011-05-15 13:27:00,207,1
15334,2011-07-06 11:22:00,156,1
15335,2011-10-17 12:50:00,53,0
15339,2011-10-04 12:51:00,65,0
15341,2011-09-20 09:40:00,80,0
15342,2011-08-02 10:19:00,129,1
15343,2011-09-13 13:55:00,86,0
15344,2011-12-09 10:45:00,0,0
15345,2011-10-25 11:28:00,45,0
15346,2011-01-11 11:18:00,332,1
15347,2010-12-08 15:25:00,365,1
15348,2011-09-28 13:17:00,71,0
15349,2011-07-04 16:06:00,157,1
15350,2010-12-01 13:33:00,372,1
15351,2011-11-27 12:52:00,11,0
15353,2011-03-30 12:15:00,254,1
15355,2011-11-10 13:44:00,28,0
15356,2011-11-08 13:11:00,30,0
15358,2011-12-05 09:04:00,4,0
15360,2011-10-31 09:35:00,39,0
15361,2010-12-13 09:52:00,361,1
15363,2010-12-02 12:28:00,372,1
15364,2011-09-05 09:46:00,95,1
15365,2011-11-14 08:29:00,25,0
15366,2011-09-25 15:01:00,74,0
15367,2011-10-13 14:13:00,56,0
15368,2011-11-18 14:42:00,20,0
15370,2011-10-30 10:58:00,40,0
15372,2011-07-25 16:39:00,136,1
15373,2011-12-01 15:05:00,7,0
15374,2011-08-03 09:59:00,128,1
15376,2011-10-30 15:04:00,39,0
15379,2011-06-23 13:13:00,168,1
15380,2011-12-01 12:13:00,8,0
15381,2011-05-10 11:55:00,213,1
15382,2011-11-25 10:58:00,14,0
15384,2011-06-23 10:57:00,169,1
15385,2011-10-30 15:11:00,39,0
15386,2011-06-06 13:47:00,185,1
15388,2011-03-14 13:53:00,269,1
15389,2011-06-20 16:18:00,171,1
15392,2011-12-05 11:01:00,4,0
15393,2011-11-23 16:48:00,15,0
15394,2011-11-30 11:49:00,9,0
15395,2011-01-18 12:40:00,325,1
15396,2011-08-19 10:56:00,112,1
15397,2011-02-23 09:25:00,289,1
15398,2011-11-23 16:47:00,15,0
15399,2011-12-08 13:04:00,0,0
15400,2011-09-08 13:57:00,91,1
15402,2011-07-14 12:17:00,148,1
15405,2011-06-03 14:44:00,188,1
15406,2011-11-08 13:22:00,30,0
15407,2011-11-06 11:55:00,33,0
15408,2011-03-20 15:02:00,263,1
15410,2011-09-16 14:47:00,83,0
15411,2011-11-13 15:19:00,25,0
15412,2011-06-21 15:24:00,170,1
15414,2011-11-30 09:50:00,9,0
15415,2011-01-30 14:13:00,312,1
15416,2011-10-06 09:38:00,64,0
15417,2011-09-15 15:26:00,84,0
15419,2011-11-15 09:23:00,24,0
15421,2011-10-12 09:20:00,58,0
15422,2011-01-20 16:17:00,322,1
15423,2011-11-01 14:01:00,37,0
15424,2011-03-30 13:02:00,253,1
15426,2011-11-20 15:36:00,18,0
15427,2011-11-06 14:29:00,32,0
15428,2011-11-24 16:54:00,14,0
15429,2011-11-13 12:28:00,26,0
15432,2011-11-16 16:30:00,22,0
15433,2011-05-10 10:45:00,213,1
15434,2011-12-01 13:33:00,7,0
15435,2011-11-17 16:39:00,21,0
15436,2011-11-27 16:05:00,11,0
15437,2011-03-22 13:11:00,261,1
15438,2011-07-31 14:19:00,130,1
15440,2011-10-16 12:16:00,54,0
15442,2011-04-05 12:24:00,248,1
15443,2011-12-08 10:40:00,1,0
15444,2011-11-30 17:37:00,8,0
15445,2011-03-20 15:06:00,263,1
15447,2011-01-13 11:26:00,330,1
15448,2011-01-31 10:42:00,312,1
15449,2011-11-13 15:02:00,25,0
15450,2011-11-09 17:11:00,29,0
15452,2011-11-10 12:13:00,29,0
15453,2011-12-08 10:59:00,1,0
15454,2010-12-12 14:21:00,361,1
15456,2011-03-01 13:51:00,282,1
15457,2011-03-22 15:31:00,261,1
15458,2011-11-14 13:08:00,24,0
15460,2010-12-20 16:08:00,353,1
15462,2011-09-06 13:11:00,93,1
15463,2011-11-10 12:57:00,28,0
15464,2011-01-05 15:56:00,337,1
15465,2011-11-20 10:11:00,19,0
15466,2011-09-15 14:08:00,84,0
15467,2011-11-30 14:17:00,8,0
15468,2011-10-19 13:49:00,50,0
15469,2011-10-20 16:21:00,49,0
15471,2011-12-07 14:12:00,1,0
15472,2011-08-18 15:17:00,112,1
15473,2011-11-25 15:15:00,13,0
15475,2011-09-23 15:20:00,76,0
15478,2011-10-30 14:19:00,39,0
15480,2011-08-15 14:32:00,115,1
15482,2011-11-24 10:46:00,15,0
15483,2011-07-01 13:07:00,160,1
15484,2011-12-08 15:03:00,0,0
15485,2011-11-09 14:31:00,29,0
15488,2011-09-08 10:11:00,92,1
15489,2011-11-17 08:53:00,22,0
15491,2011-09-05 15:56:00,94,1
15492,2011-11-11 14:53:00,27,0
15493,2011-11-07 12:04:00,32,0
15494,2011-11-18 14:51:00,20,0
15497,2011-11-22 11:51:00,17,0
15498,2011-12-07 12:48:00,2,0
15500,2011-12-01 13:47:00,7,0
15502,2011-11-24 12:48:00,15,0
15503,2010-12-12 10:57:00,362,1
15504,2011-09-19 13:45:00,80,0
15505,2011-10-18 07:56:00,52,0
15506,2011-11-17 12:11:00,22,0
15507,2011-06-21 11:19:00,171,1
15508,2011-06-03 15:43:00,188,1
15510,2011-01-13 12:10:00,330,1
15511,2011-11-28 09:43:00,11,0
15512,2011-07-07 10:20:00,155,1
15513,2011-11-06 14:36:00,32,0
15514,2011-11-27 14:40:00,11,0
15516,2011-10-26 10:51:00,44,0
15517,2011-04-20 14:02:00,232,1
15518,2011-10-06 13:05:00,63,0
15520,2011-12-08 10:58:00,1,0
15521,2011-10-30 13:42:00,39,0
15522,2011-11-07 11:26:00,32,0
15523,2011-09-16 16:29:00,83,0
15524,2011-11-15 12:09:00,24,0
15525,2011-12-07 14:43:00,1,0
15526,2011-11-06 15:04:00,32,0
15527,2011-11-21 12:17:00,18,0
15528,2011-03-30 16:14:00,253,1
15529,2011-11-17 11:29:00,22,0
15530,2011-11-18 12:25:00,21,0
15531,2011-12-01 18:43:00,7,0
15532,2011-11-14 14:51:00,24,0
15533,2011-11-20 15:35:00,18,0
15535,2011-06-19 16:02:00,172,1
15537,2011-06-29 13:10:00,162,1
15539,2011-12-02 13:36:00,6,0
15540,2011-11-28 13:51:00,10,0
15541,2011-08-17 14:58:00,113,1
15543,2011-02-24 15:26:00,287,1
15544,2011-11-30 16:43:00,8,0
15545,2011-10-16 13:24:00,53,0
15547,2011-12-02 12:52:00,6,0
15549,2011-09-23 16:22:00,76,0
15550,2011-12-05 15:38:00,3,0
15551,2011-11-03 12:37:00,36,0
15552,2011-05-06 14:47:00,216,1
15553,2011-10-10 14:02:00,59,0
15554,2011-03-07 09:00:00,277,1
15555,2011-11-27 16:19:00,11,0
15556,2011-11-15 16:08:00,23,0
15557,2011-11-11 12:46:00,28,0
15561,2011-11-28 11:07:00,11,0
15562,2010-12-23 09:55:00,351,1
15563,2011-11-17 14:50:00,21,0
15565,2011-10-20 14:33:00,49,0
15567,2011-11-21 10:48:00,18,0
15568,2011-12-07 11:27:00,2,0
15569,2011-08-28 10:15:00,103,1
15570,2011-12-02 14:47:00,6,0
15571,2011-11-28 10:02:00,11,0
15572,2011-12-05 10:09:00,4,0
15573,2011-11-08 11:38:00,31,0
15574,2011-06-15 12:01:00,177,1
15576,2011-11-02 12:03:00,37,0
15577,2011-07-11 17:03:00,150,1
15578,2011-06-30 13:03:00,161,1
15579,2011-10-02 12:45:00,68,0
15581,2011-08-11 09:38:00,120,1
15582,2011-11-15 09:55:00,24,0
15584,2011-11-16 10:55:00,23,0
15585,2011-06-16 08:38:00,176,1
15587,2011-10-20 13:37:00,49,0
15589,2011-03-29 09:54:00,255,1
15592,2011-10-24 08:59:00,46,0
15593,2011-09-30 11:46:00,70,0
15594,2011-11-24 08:53:00,15,0
15596,2011-08-31 10:55:00,100,1
15597,2011-11-04 13:26:00,34,0
15598,2011-10-17 16:04:00,52,0
15599,2011-11-13 11:44:00,26,0
15601,2011-11-28 15:15:00,10,0
15602,2011-12-01 14:14:00,7,0
15603,2011-09-22 10:04:00,78,0
15604,2011-10-18 14:47:00,51,0
15605,2011-11-03 14:17:00,35,0
15606,2011-10-09 15:47:00,60,0
15607,2011-01-07 12:44:00,336,1
15608,2011-11-11 13:20:00,27,0
15609,2011-06-08 13:00:00,183,1
15610,2011-10-19 10:36:00,51,0
15611,2011-11-30 12:36:00,9,0
15612,2011-11-03 14:52:00,35,0
15615,2011-11-29 14:42:00,9,0
15618,2011-11-07 08:34:00,32,0
15619,2011-11-29 08:14:00,10,0
15620,2011-10-14 12:41:00,56,0
15621,2011-12-05 14:01:00,3,0
15622,2011-10-27 16:44:00,42,0
15623,2011-07-21 17:26:00,140,1
15624,2011-08-15 11:38:00,116,1
15625,2011-08-28 10:21:00,103,1
15626,2011-09-26 10:03:00,74,0
15628,2011-12-05 10:24:00,4,0
15630,2011-10-25 15:36:00,44,0
15632,2011-11-24 09:51:00,15,0
15634,2011-11-22 16:28:00,16,0
15636,2011-09-11 11:17:00,89,0
15637,2011-10-18 08:28:00,52,0
15639,2011-07-28 14:30:00,133,1
15640,2011-12-05 14:35:00,3,0
15641,2011-08-26 14:04:00,104,1
15643,2011-06-01 07:38:00,191,1
15644,2011-06-26 14:54:00,165,1
15645,2011-11-21 11:55:00,18,0
15646,2011-07-05 09:53:00,157,1
15648,2011-05-19 15:53:00,203,1
15649,2011-01-07 13:34:00,335,1
15651,2011-11-03 08:41:00,36,0
15652,2011-09-09 14:22:00,90,0
15653,2011-09-08 10:49:00,92,1
15654,2011-11-30 13:08:00,8,0
15655,2011-04-10 15:25:00,242,1
15656,2011-10-25 14:56:00,44,0
15657,2011-11-17 12:19:00,22,0
15658,2011-06-02 15:22:00,189,1
15659,2011-10-27 09:23:00,43,0
15660,2011-11-14 16:58:00,24,0
15661,2011-01-26 13:56:00,316,1
15663,2011-08-25 15:50:00,105,1
15664,2011-10-20 10:57:00,50,0
15665,2011-06-24 14:57:00,167,1
15667,2011-10-31 10:56:00,39,0
15668,2011-05-06 10:39:00,217,1
15669,2011-10-30 16:03:00,39,0
15670,2011-02-16 10:50:00,296,1
15671,2011-11-21 12:43:00,18,0
15673,2011-09-12 16:12:00,87,0
15674,2011-09-27 15:17:00,72,0
15675,2011-09-19 13:48:00,80,0
15676,2011-11-21 12:40:00,18,0
15677,2011-10-21 15:36:00,48,0
15678,2011-10-18 09:25:00,52,0
15679,2011-11-15 16:19:00,23,0
15680,2011-11-30 13:46:00,8,0
15681,2011-11-14 16:30:00,24,0
15683,2011-08-14 12:56:00,116,1
15687,2011-12-01 08:33:00,8,0
15689,2011-08-12 09:37:00,119,1
15690,2011-12-05 15:59:00,3,0
15691,2011-04-01 15:13:00,251,1
15692,2011-11-11 14:12:00,27,0
15694,2011-12-09 09:44:00,0,0
15695,2011-03-18 08:32:00,266,1
15696,2011-11-06 14:02:00,32,0
15699,2011-11-22 08:26:00,17,0
15700,2011-06-20 16:53:00,171,1
15701,2011-12-07 14:39:00,1,0
15703,2011-03-20 10:51:00,264,1
15704,2011-07-22 13:35:00,139,1
15705,2011-05-22 15:37:00,200,1
15706,2011-10-07 10:09:00,63,0
15707,2011-11-04 14:35:00,34,0
15708,2011-10-30 10:54:00,40,0
15709,2011-03-01 10:38:00,283,1
15712,2011-11-30 14:09:00,8,0
15713,2011-07-19 13:34:00,142,1
15714,2011-11-28 11:26:00,11,0
15716,2011-07-17 11:59:00,145,1
15717,2011-04-19 13:21:00,233,1
15719,2011-11-07 12:29:00,32,0
15720,2011-11-15 14:48:00,23,0
15721,2011-11-28 12:14:00,11,0
15722,2011-11-04 11:43:00,35,0
15723,2010-12-10 11:12:00,364,1
15724,2011-05-22 14:40:00,200,1
15725,2011-11-24 14:51:00,14,0
15727,2011-11-23 12:36:00,16,0
15729,2011-05-11 12:36:00,212,1
15730,2011-10-05 12:31:00,65,0
15732,2011-05-11 14:24:00,211,1
15733,2011-03-02 09:05:00,282,1
15734,2011-08-17 10:50:00,114,1
15737,2011-11-25 11:21:00,14,0
15738,2011-11-21 08:26:00,18,0
15739,2011-10-04 13:42:00,65,0
15740,2011-10-21 14:29:00,48,0
15743,2011-11-23 17:19:00,15,0
15744,2011-09-23 09:52:00,77,0
15745,2011-11-20 13:45:00,18,0
15746,2011-07-28 15:21:00,133,1
15747,2011-11-27 12:26:00,12,0
15748,2011-10-30 12:51:00,39,0
15749,2011-04-18 13:20:00,234,1
15750,2011-12-07 12:34:00,2,0
15752,2011-10-31 11:37:00,39,0
15753,2011-02-08 12:41:00,304,1
15754,2011-10-19 14:40:00,50,0
15755,2011-11-29 14:57:00,9,0
15756,2011-10-09 13:30:00,60,0
15757,2011-10-05 12:14:00,65,0
15758,2011-11-15 10:48:00,24,0
15759,2011-05-05 15:13:00,217,1
15762,2011-10-05 16:15:00,64,0
15763,2011-11-08 09:44:00,31,0
15764,2011-09-12 17:58:00,87,0
15766,2011-10-06 17:03:00,63,0
15768,2011-08-16 10:48:00,115,1
15769,2011-12-02 13:52:00,6,0
15773,2011-12-04 12:48:00,5,0
15774,2011-10-02 12:04:00,68,0
15775,2011-04-08 12:56:00,244,1
15776,2011-07-29 13:46:00,132,1
15777,2011-04-12 16:43:00,240,1
15780,2011-06-09 12:01:00,183,1
15781,2011-11-14 14:57:00,24,0
15782,2011-11-30 10:49:00,9,0
15783,2011-11-29 09:50:00,10,0
15785,2011-11-07 11:33:00,32,0
15786,2011-10-24 14:13:00,45,0
15787,2011-11-13 14:55:00,25,0
15789,2010-12-16 14:35:00,357,1
15790,2011-11-29 14:53:00,9,0
15791,2011-10-27 10:14:00,43,0
15793,2011-11-25 09:31:00,14,0
15795,2011-07-13 10:43:00,149,1
15796,2011-12-08 19:55:00,0,0
15797,2011-08-18 17:04:00,112,1
15799,2011-09-25 12:46:00,75,0
15800,2011-08-24 14:23:00,106,1
15801,2011-10-24 13:52:00,45,0
15802,2011-07-20 11:38:00,142,1
15803,2011-10-19 14:56:00,50,0
15804,2011-12-09 12:31:00,0,0
15805,2011-11-16 16:32:00,22,0
15806,2011-10-24 14:35:00,45,0
15807,2011-10-20 14:10:00,49,0
15808,2011-02-06 14:33:00,305,1
15809,2011-11-03 16:40:00,35,0
15810,2011-09-22 09:38:00,78,0
15811,2011-11-17 15:31:00,21,0
15812,2011-08-24 14:19:00,106,1
15813,2011-05-16 08:13:00,207,1
15814,2011-11-23 08:17:00,16,0
15815,2011-10-07 12:42:00,63,0
15819,2011-10-21 14:50:00,48,0
15820,2011-01-24 12:00:00,319,1
15821,2011-10-26 15:48:00,43,0
15822,2011-12-06 14:50:00,2,0
15823,2010-12-02 15:08:00,371,1
15825,2011-06-20 13:27:00,171,1
15826,2011-10-14 16:05:00,55,0
15827,2011-09-27 15:35:00,72,0
15829,2011-09-01 16:45:00,98,1
15830,2011-11-02 10:40:00,37,0
15831,2011-10-12 13:14:00,57,0
15832,2011-03-30 15:29:00,253,1
15834,2011-09-30 14:41:00,69,0
15835,2011-10-26 15:47:00,43,0
15836,2011-10-20 17:13:00,49,0
15837,2011-10-06 09:01:00,64,0
15838,2011-11-28 14:00:00,10,0
15839,2011-11-06 13:54:00,32,0
15840,2011-10-12 09:08:00,58,0
15841,2011-09-28 12:15:00,72,0
15843,2011-02-09 10:19:00,303,1
15844,2011-10-24 15:19:00,45,0
15845,2011-11-22 09:42:00,17,0
15847,2011-11-01 14:41:00,37,0
15850,2011-11-20 14:14:00,18,0
15852,2011-06-06 11:22:00,186,1
15853,2011-10-19 10:38:00,51,0
15854,2011-12-05 13:39:00,3,0
15855,2011-07-26 10:20:00,136,1
15856,2011-12-05 17:09:00,3,0
15857,2011-11-21 12:18:00,18,0
15858,2011-11-24 12:48:00,15,0
15860,2011-10-30 11:25:00,40,0
15861,2011-11-27 15:59:00,11,0
15862,2011-12-01 13:28:00,7,0
15863,2011-11-14 12:49:00,25,0
15864,2011-11-17 13:32:00,21,0
15865,2011-10-30 12:43:00,40,0
15866,2011-08-30 14:09:00,100,1
15867,2011-12-04 13:32:00,4,0
15869,2011-03-07 17:23:00,276,1
15870,2011-11-07 10:58:00,32,0
15872,2011-11-25 11:55:00,14,0
15874,2011-10-07 12:31:00,63,0
15877,2011-12-08 11:53:00,1,0
15880,2010-12-05 13:00:00,368,1
15881,2011-01-31 16:59:00,311,1
15882,2011-05-25 11:35:00,198,1
15883,2011-12-07 17:05:00,1,0
15885,2011-09-08 10:43:00,92,1
15886,2011-10-10 14:25:00,59,0
15888,2011-09-20 12:30:00,80,0
15889,2011-07-06 11:10:00,156,1
15891,2011-04-27 12:35:00,226,1
15894,2011-03-31 13:50:00,252,1
15895,2011-07-13 10:27:00,149,1
15897,2011-05-29 13:50:00,193,1
15898,2011-12-08 15:23:00,0,0
15899,2010-12-06 10:36:00,368,1
15900,2011-11-16 12:19:00,23,0
15901,2011-11-23 12:43:00,16,0
15903,2011-11-30 08:08:00,9,0
15904,2011-12-01 14:50:00,7,0
15906,2011-11-20 12:24:00,19,0
15907,2011-12-06 12:21:00,3,0
15909,2011-06-19 10:38:00,173,1
15910,2011-12-09 10:51:00,0,0
15912,2011-06-14 14:29:00,177,1
15916,2011-11-23 13:46:00,15,0
15917,2011-04-06 10:40:00,247,1
15918,2011-06-02 11:42:00,190,1
15919,2011-11-20 11:28:00,19,0
15920,2011-07-08 15:31:00,153,1
15921,2011-06-20 11:03:00,172,1
15922,2010-12-01 13:51:00,372,1
15923,2010-12-02 12:16:00,372,1
15925,2011-05-29 15:35:00,193,1
15930,2011-10-03 14:52:00,66,0
15932,2011-12-05 17:13:00,3,0
15933,2011-11-18 13:14:00,20,0
15935,2011-04-14 13:27:00,238,1
15937,2011-10-06 15:48:00,63,0
15938,2011-08-19 12:56:00,111,1
15939,2011-09-11 11:30:00,89,0
15940,2011-02-01 16:18:00,310,1
15942,2011-07-29 09:01:00,133,1
15944,2011-03-08 10:33:00,276,1
15945,2010-12-09 13:14:00,364,1
15947,2011-09-18 10:46:00,82,0
15948,2011-12-01 15:32:00,7,0
15949,2011-11-23 09:09:00,16,0
15950,2011-11-08 11:09:00,31,0
15951,2011-12-01 08:34:00,8,0
15952,2011-11-06 11:18:00,33,0
15953,2011-11-24 15:32:00,14,0
15955,2011-11-15 14:15:00,23,0
15957,2011-11-08 12:14:00,31,0
15958,2011-09-26 13:41:00,73,0
15963,2011-11-20 11:33:00,19,0
15965,2011-11-22 16:44:00,16,0
15967,2011-11-16 15:41:00,22,0
15969,2011-12-07 11:06:00,2,0
15970,2011-02-09 12:08:00,303,1
15971,2011-11-22 12:50:00,17,0
15973,2010-12-08 11:42:00,366,1
15974,2011-10-31 13:13:00,38,0
15975,2011-09-16 13:33:00,83,0
15976,2011-06-27 13:00:00,164,1
15977,2011-11-22 13:29:00,16,0
15978,2011-09-23 15:21:00,76,0
15980,2011-09-12 09:41:00,88,0
15981,2011-11-15 08:00:00,24,0
15983,2011-11-17 17:34:00,21,0
15984,2011-12-07 12:16:00,2,0
15985,2011-08-08 16:31:00,122,1
15986,2011-11-09 15:17:00,29,0
15987,2011-11-27 15:38:00,11,0
15988,2011-11-20 13:23:00,18,0
15990,2011-10-26 15:58:00,43,0
15992,2011-12-06 11:00:00,3,0
15993,2011-12-01 10:45:00,8,0
15994,2011-10-16 12:28:00,54,0
15996,2011-09-12 15:14:00,87,0
15998,2011-11-03 12:45:00,36,0
16000,2011-12-07 12:17:00,2,0
16003,2011-11-10 09:57:00,29,0
16005,2011-11-27 13:47:00,11,0
16006,2011-05-12 13:12:00,210,1
16007,2011-10-23 11:05:00,47,0
16008,2011-11-16 10:32:00,23,0
16009,2011-11-17 16:51:00,21,0
16010,2011-04-08 10:14:00,245,1
16011,2011-12-01 16:31:00,7,0
16012,2011-11-04 13:25:00,34,0
16013,2011-12-06 10:36:00,3,0
16014,2011-11-02 12:04:00,37,0
16015,2011-12-06 10:58:00,3,0
16016,2011-12-06 14:35:00,2,0
16017,2011-10-23 12:56:00,46,0
16018,2011-10-31 14:13:00,38,0
16019,2011-10-24 11:51:00,46,0
16020,2011-11-23 11:18:00,16,0
16022,2011-03-24 13:16:00,259,1
16023,2011-10-24 16:34:00,45,0
16024,2011-11-27 13:26:00,11,0
16025,2011-11-10 11:45:00,29,0
16026,2011-10-27 13:53:00,42,0
16027,2011-09-09 10:47:00,91,1
16029,2011-11-01 10:27:00,38,0
16030,2011-02-03 11:28:00,309,1
16031,2011-09-08 13:07:00,91,1
16033,2011-12-04 12:44:00,5,0
16034,2011-05-27 16:17:00,195,1
16036,2011-09-13 14:53:00,86,0
16037,2011-03-15 09:13:00,269,1
16038,2011-12-02 12:40:00,7,0
16040,2011-10-05 13:47:00,64,0
16041,2011-11-09 12:25:00,30,0
16042,2011-11-17 17:50:00,21,0
16043,2011-11-02 12:50:00,37,0
16045,2011-08-12 12:41:00,119,1
16048,2010-12-01 15:28:00,372,1
16049,2011-10-30 13:19:00,39,0
16050,2011-06-19 11:44:00,173,1
16052,2011-10-16 15:13:00,53,0
16053,2011-11-07 11:21:00,32,0
16054,2011-07-17 13:08:00,144,1
16055,2011-05-03 09:26:00,220,1
16056,2011-10-25 15:19:00,44,0
16057,2011-11-23 15:23:00,15,0
16059,2011-10-05 09:56:00,65,0
16062,2011-11-30 12:15:00,9,0
16063,2011-03-24 14:56:00,259,1
16065,2010-12-09 13:03:00,364,1
16066,2011-11-23 11:54:00,16,0
16070,2011-11-17 15:50:00,21,0
16071,2011-10-26 11:14:00,44,0
16072,2011-02-24 14:32:00,287,1
16073,2011-02-15 15:41:00,296,1
16076,2011-12-06 14:59:00,2,0
16078,2011-03-01 09:47:00,283,1
16079,2011-11-23 12:48:00,16,0
16080,2011-09-19 10:42:00,81,0
16081,2011-10-14 13:06:00,55,0
16083,2011-08-31 10:47:00,100,1
16084,2011-02-13 16:05:00,298,1
16085,2011-11-16 13:24:00,22,0
16086,2011-10-11 13:09:00,58,0
16091,2011-07-08 08:45:00,154,1
16092,2011-08-17 10:46:00,114,1
16093,2011-08-25 11:09:00,106,1
16094,2011-11-28 12:45:00,11,0
16096,2011-03-20 13:38:00,263,1
16097,2011-04-13 13:47:00,239,1
16098,2011-09-13 09:59:00,87,0
16099,2011-10-20 13:13:00,49,0
16101,2011-09-30 10:18:00,70,0
16102,2011-10-28 13:19:00,41,0
16103,2011-12-02 14:16:00,6,0
16104,2011-10-09 10:23:00,61,0
16105,2011-04-05 10:13:00,248,1
16106,2011-10-05 10:37:00,65,0
16107,2011-11-22 09:40:00,17,0
16108,2011-09-16 11:48:00,84,0
16109,2011-05-05 09:17:00,218,1
16110,2011-10-25 14:35:00,44,0
16112,2011-07-19 14:28:00,142,1
16113,2011-06-09 16:16:00,182,1
16114,2011-06-22 10:13:00,170,1
16115,2011-11-30 11:32:00,9,0
16116,2011-05-12 12:01:00,211,1
16117,2011-06-03 11:42:00,189,1
16119,2011-12-01 15:11:00,7,0
16120,2011-10-11 14:22:00,58,0
16121,2011-10-13 12:59:00,56,0
16122,2011-09-27 15:34:00,72,0
16123,2011-10-19 09:18:00,51,0
16124,2011-01-26 14:45:00,316,1
16125,2010-12-07 15:48:00,366,1
16126,2011-11-10 16:03:00,28,0
16127,2011-10-31 13:58:00,38,0
16128,2011-11-22 11:14:00,17,0
16131,2011-10-19 11:53:00,51,0
16133,2011-12-06 11:24:00,3,0
16134,2011-11-18 10:05:00,21,0
16135,2011-03-22 12:30:00,262,1
16136,2011-10-11 09:10:00,59,0
16139,2011-11-21 08:37:00,18,0
16140,2011-10-05 12:15:00,65,0
16141,2011-09-12 13:11:00,87,0
16142,2011-04-04 10:16:00,249,1
16143,2011-12-06 14:13:00,2,0
16144,2011-04-07 10:09:00,246,1
16145,2011-12-01 10:33:00,8,0
16146,2011-07-05 14:20:00,156,1
16147,2011-07-29 09:57:00,133,1
16148,2011-02-16 14:01:00,295,1
16149,2011-12-05 11:29:00,4,0
16150,2011-10-28 12:39:00,42,0
16152,2011-03-16 09:47:00,268,1
16153,2011-10-21 10:50:00,49,0
16156,2011-12-01 12:42:00,8,0
16157,2011-11-24 11:41:00,15,0
16159,2011-03-03 12:27:00,281,1
16160,2011-10-05 14:19:00,64,0
16161,2011-12-08 12:10:00,1,0
16162,2011-04-01 15:03:00,251,1
16163,2011-04-21 15:15:00,231,1
16164,2011-11-22 15:04:00,16,0
16168,2011-11-29 12:45:00,10,0
16169,2011-12-01 15:28:00,7,0
16170,2011-10-20 08:21:00,50,0
16171,2011-10-11 14:51:00,58,0
16172,2011-09-05 13:22:00,94,1
16173,2011-11-24 10:53:00,15,0
16174,2011-08-05 13:26:00,125,1
16175,2011-09-06 14:32:00,93,1
16177,2011-10-20 12:57:00,49,0
16178,2011-07-24 16:05:00,137,1
16179,2011-10-10 09:41:00,60,0
16180,2011-08-31 16:28:00,99,1
16181,2011-09-27 13:38:00,72,0
16182,2011-09-28 13:23:00,71,0
16183,2011-10-03 14:59:00,66,0
16184,2011-10-06 17:43:00,63,0
16185,2011-11-23 09:41:00,16,0
16186,2011-11-17 12:43:00,22,0
16187,2011-11-08 09:50:00,31,0
16188,2011-10-26 12:19:00,44,0
16189,2011-11-24 11:47:00,15,0
16190,2011-10-30 15:59:00,39,0
16191,2011-12-07 11:26:00,2,0
16193,2011-04-17 11:45:00,236,1
16198,2011-09-25 14:58:00,74,0
16200,2011-12-05 14:40:00,3,0
16201,2011-12-06 16:02:00,2,0
16202,2010-12-14 10:43:00,360,1
16203,2011-10-12 12:31:00,58,0
16204,2011-11-16 13:40:00,22,0
16205,2011-11-09 09:32:00,30,0
16206,2011-10-16 10:41:00,54,0
16207,2011-11-14 13:51:00,24,0
16208,2011-10-26 11:36:00,44,0
16209,2011-09-12 11:58:00,88,0
16210,2011-12-08 12:36:00,1,0
16211,2011-09-12 12:11:00,88,0
16212,2011-11-20 13:00:00,18,0
16213,2011-09-22 10:03:00,78,0
16214,2011-06-22 11:30:00,170,1
16215,2011-09-20 10:18:00,80,0
16216,2011-03-17 15:34:00,266,1
16217,2011-04-18 13:31:00,234,1
16218,2011-11-10 09:59:00,29,0
16221,2011-11-03 11:43:00,36,0
16222,2011-01-25 13:38:00,317,1
16224,2011-10-13 17:51:00,56,0
16225,2011-10-26 08:30:00,44,0
16226,2011-05-20 14:41:00,202,1
16227,2011-04-28 13:33:00,224,1
16229,2011-09-13 17:16:00,86,0
16230,2011-06-03 10:06:00,189,1
16232,2011-10-27 12:16:00,43,0
16233,2011-09-29 17:27:00,70,0
16235,2011-10-30 10:56:00,40,0
16236,2011-09-22 14:10:00,77,0
16239,2011-10-14 08:29:00,56,0
16240,2011-11-15 14:30:00,23,0
16241,2011-11-30 11:08:00,9,0
16242,2011-12-01 15:12:00,7,0
16243,2011-11-06 12:32:00,33,0
16244,2011-05-12 10:18:00,211,1
16245,2011-11-16 10:14:00,23,0
16247,2011-06-22 14:23:00,169,1
16248,2011-10-09 11:32:00,61,0
16249,2011-10-18 10:07:00,52,0
16250,2011-03-23 15:07:00,260,1
16253,2011-10-04 09:09:00,66,0
16255,2011-11-23 12:40:00,16,0
16256,2011-03-18 12:18:00,266,1
16257,2011-06-16 10:11:00,176,1
16258,2011-10-25 13:30:00,44,0
16260,2011-10-20 09:40:00,50,0
16261,2011-11-22 17:23:00,16,0
16265,2011-11-30 16:41:00,8,0
16266,2011-09-27 12:08:00,73,0
16268,2011-09-29 18:30:00,70,0
16270,2010-12-21 14:26:00,352,1
16271,2011-12-07 12:45:00,2,0
16272,2011-08-15 10:54:00,116,1
16274,2010-12-01 15:35:00,372,1
16275,2011-05-27 12:41:00,196,1
16276,2011-06-16 09:34:00,176,1
16278,2011-08-31 17:12:00,99,1
16279,2011-11-18 15:00:00,20,0
16281,2011-09-28 14:57:00,71,0
16282,2011-01-04 11:42:00,339,1
16283,2011-12-04 12:08:00,5,0
16284,2011-11-08 16:12:00,30,0
16287,2011-06-23 09:08:00,169,1
16292,2011-08-10 12:24:00,121,1
16293,2011-11-18 09:58:00,21,0
16295,2011-11-30 08:17:00,9,0
16297,2011-03-16 08:29:00,268,1
16298,2011-11-17 11:59:00,22,0
16302,2011-08-05 09:44:00,126,1
16303,2011-11-14 10:49:00,25,0
16305,2011-07-24 12:18:00,138,1
16306,2011-05-10 12:12:00,213,1
16308,2011-11-02 11:24:00,37,0
16309,2011-08-25 15:35:00,105,1
16311,2011-11-22 08:54:00,17,0
16313,2011-12-06 13:02:00,2,0
16315,2011-01-13 11:57:00,330,1
16316,2011-10-06 13:48:00,63,0
16317,2011-08-12 12:46:00,119,1
16318,2011-11-04 13:05:00,34,0
16319,2011-05-06 11:27:00,217,1
16320,2011-06-20 15:25:00,171,1
16321,2011-09-28 14:55:00,71,0
16322,2011-12-08 15:41:00,0,0
16323,2011-05-27 14:48:00,195,1
16324,2011-08-03 12:58:00,127,1
16325,2011-10-24 08:48:00,46,0
16326,2011-12-04 10:11:00,5,0
16327,2011-11-25 13:23:00,13,0
16330,2011-11-22 12:24:00,17,0
16332,2011-11-11 14:22:00,27,0
16333,2011-12-02 12:19:00,7,0
16337,2011-11-03 10:03:00,36,0
16338,2011-07-05 13:56:00,156,1
16339,2011-02-28 13:41:00,283,1
16340,2011-08-24 14:53:00,106,1
16341,2011-11-15 09:12:00,24,0
16342,2011-09-25 14:36:00,74,0
16343,2011-11-23 17:45:00,15,0
16344,2011-07-04 15:50:00,157,1
16345,2011-10-26 16:03:00,43,0
16347,2011-11-28 13:14:00,10,0
16348,2011-11-07 15:44:00,31,0
16349,2011-02-22 12:40:00,290,1
16350,2011-11-18 15:53:00,20,0
16351,2011-01-11 10:26:00,332,1
16352,2011-11-22 10:32:00,17,0
16353,2011-12-06 12:23:00,3,0
16354,2011-10-07 14:28:00,62,0
16356,2011-05-26 11:51:00,197,1
16357,2011-11-06 16:04:00,32,0
16358,2011-12-08 15:09:00,0,0
16359,2011-12-02 17:04:00,6,0
16360,2011-12-05 12:16:00,4,0
16361,2011-11-30 12:32:00,9,0
16362,2011-11-07 13:01:00,31,0
16363,2011-10-17 14:14:00,52,0
16364,2011-11-28 11:27:00,11,0
16365,2011-11-22 11:24:00,17,0
16366,2011-11-21 08:19:00,18,0
16367,2011-11-02 13:13:00,36,0
16368,2011-12-07 13:12:00,1,0
16369,2011-11-21 16:25:00,17,0
16370,2011-09-18 15:55:00,81,0
16372,2011-11-06 13:08:00,32,0
16374,2011-10-04 15:21:00,65,0
16376,2011-12-01 11:38:00,8,0
16377,2011-03-17 15:41:00,266,1
16378,2011-04-06 15:07:00,246,1
16379,2011-12-05 15:38:00,3,0
16380,2011-10-09 15:40:00,60,0
16383,2011-09-26 12:45:00,74,0
16384,2011-09-11 11:19:00,89,0
16385,2011-10-10 13:12:00,59,0
16386,2011-11-11 12:28:00,28,0
16387,2011-01-21 11:34:00,322,1
16389,2011-10-17 14:41:00,52,0
16392,2011-03-15 12:11:00,269,1
16393,2011-12-07 12:51:00,1,0
16394,2011-10-14 09:48:00,56,0
16395,2011-10-10 12:50:00,60,0
16398,2011-07-08 15:16:00,153,1
16399,2011-11-20 16:12:00,18,0
16400,2011-09-06 12:27:00,94,1
16401,2011-12-08 18:15:00,0,0
16402,2011-03-20 12:25:00,264,1
16403,2011-01-31 13:39:00,311,1
16404,2011-09-30 14:55:00,69,0
16405,2011-02-10 15:24:00,301,1
16406,2011-11-21 11:57:00,18,0
16407,2011-11-27 11:05:00,12,0
16409,2011-11-03 16:45:00,35,0
16411,2011-11-20 13:23:00,18,0
16412,2011-10-17 12:35:00,53,0
16413,2011-10-14 12:08:00,56,0
16414,2011-11-18 09:42:00,21,0
16415,2011-10-26 13:35:00,43,0
16416,2011-11-13 12:50:00,26,0
16418,2011-10-26 12:39:00,44,0
16419,2011-08-19 12:33:00,112,1
16422,2011-11-22 14:00:00,16,0
16423,2011-11-15 09:21:00,24,0
16424,2011-06-01 13:40:00,190,1
16425,2011-02-10 14:30:00,301,1
16426,2011-12-07 14:01:00,1,0
16427,2011-03-21 17:10:00,262,1
16429,2011-08-25 13:54:00,105,1
16430,2011-10-13 14:47:00,56,0
16431,2011-05-10 14:09:00,212,1
16432,2011-10-06 13:59:00,63,0
16433,2011-11-11 14:09:00,27,0
16434,2011-11-10 14:28:00,28,0
16438,2011-12-04 10:51:00,5,0
16440,2011-12-02 12:02:00,7,0
16441,2011-10-03 17:48:00,66,0
16442,2011-12-08 11:43:00,1,0
16444,2011-10-24 13:50:00,45,0
16445,2011-11-06 12:32:00,33,0
16446,2011-12-09 09:15:00,0,0
16447,2011-07-27 12:45:00,135,1
16448,2011-05-25 16:28:00,197,1
16449,2011-05-26 10:25:00,197,1
16450,2011-07-13 11:47:00,149,1
16451,2011-09-13 09:17:00,87,0
16454,2011-10-26 11:40:00,44,0
16455,2011-10-07 12:17:00,63,0
16456,2011-09-01 13:50:00,98,1
16457,2011-05-05 13:19:00,217,1
16458,2011-12-07 09:34:00,2,0
16460,2011-11-11 13:46:00,27,0
16461,2011-06-15 12:07:00,177,1
16462,2011-09-27 10:24:00,73,0
16463,2011-11-18 14:01:00,20,0
16464,2011-11-20 12:11:00,19,0
16466,2011-11-06 11:35:00,33,0
16468,2011-09-26 14:13:00,73,0
16469,2011-11-16 12:25:00,23,0
16470,2011-10-19 12:11:00,51,0
16471,2011-03-10 09:41:00,274,1
16473,2011-06-28 09:10:00,164,1
16474,2011-12-02 13:02:00,6,0
16475,2011-09-12 14:37:00,87,0
16477,2011-10-07 09:44:00,63,0
16478,2011-11-14 15:51:00,24,0
16479,2011-11-29 13:40:00,9,0
16480,2011-09-25 11:40:00,75,0
16482,2011-11-24 12:33:00,15,0
16483,2011-05-31 13:08:00,191,1
16484,2011-06-19 12:06:00,173,1
16485,2011-09-23 15:50:00,76,0
16488,2011-11-06 13:42:00,32,0
16491,2011-10-24 10:18:00,46,0
16493,2011-09-21 11:10:00,79,0
16494,2011-02-16 12:49:00,296,1
16495,2011-12-06 13:20:00,2,0
16496,2011-12-01 10:31:00,8,0
16497,2011-10-21 10:55:00,49,0
16498,2011-07-01 15:07:00,160,1
16499,2010-12-14 13:31:00,359,1
16500,2011-12-05 12:04:00,4,0
16503,2011-08-25 11:46:00,106,1
16504,2011-11-14 15:18:00,24,0
16505,2011-11-08 12:14:00,31,0
16506,2011-11-20 12:17:00,19,0
16509,2011-02-16 09:25:00,296,1
16510,2010-12-02 13:39:00,371,1
16511,2011-11-18 10:41:00,21,0
16513,2011-12-05 10:18:00,4,0
16515,2011-10-18 13:10:00,51,0
16516,2011-11-09 14:59:00,29,0
16517,2011-03-07 13:50:00,276,1
16518,2011-10-09 15:04:00,60,0
16519,2011-11-14 15:41:00,24,0
16520,2011-06-06 13:24:00,185,1
16523,2011-12-08 09:06:00,1,0
16525,2011-12-07 15:07:00,1,0
16526,2011-06-21 12:02:00,171,1
16527,2011-09-19 16:21:00,80,0
16528,2011-12-06 12:45:00,3,0
16529,2011-06-02 17:23:00,189,1
16531,2011-11-17 16:29:00,21,0
16532,2011-11-22 11:08:00,17,0
16533,2011-11-20 13:08:00,18,0
16535,2011-12-04 15:18:00,4,0
16536,2011-08-21 15:54:00,109,1
16539,2011-12-07 08:41:00,2,0
16542,2011-10-17 10:47:00,53,0
16545,2011-06-28 10:37:00,164,1
16546,2011-02-22 11:20:00,290,1
16549,2011-11-29 15:06:00,9,0
16550,2011-08-23 11:12:00,108,1
16551,2011-09-05 09:38:00,95,1
16552,2011-04-11 10:04:00,242,1
16553,2011-06-29 15:42:00,162,1
16554,2011-10-28 14:51:00,41,0
16555,2011-11-04 14:31:00,34,0
16556,2011-10-04 11:36:00,66,0
16557,2011-11-15 14:04:00,23,0
16558,2011-12-09 10:20:00,0,0
16560,2011-11-13 10:35:00,26,0
16561,2011-12-04 11:50:00,5,0
16563,2011-10-17 11:51:00,53,0
16565,2010-12-10 15:21:00,363,1
16566,2011-11-24 16:34:00,14,0
16567,2011-05-29 13:57:00,193,1
16569,2011-12-06 15:32:00,2,0
16570,2011-11-24 17:02:00,14,0
16571,2011-11-13 11:46:00,26,0
16572,2011-08-04 16:34:00,126,1
16573,2011-09-16 09:13:00,84,0
16574,2011-09-29 13:39:00,70,0
16581,2011-06-10 10:05:00,182,1
16582,2011-08-18 17:02:00,112,1
16583,2010-12-01 12:03:00,373,1
16584,2011-09-20 13:45:00,79,0
16586,2011-04-05 09:32:00,248,1
16587,2011-04-21 15:51:00,231,1
16589,2011-09-29 14:50:00,70,0
16591,2011-10-02 10:43:00,68,0
16592,2011-12-05 13:49:00,3,0
16593,2011-10-20 12:41:00,50,0
16594,2011-09-25 14:08:00,74,0
16595,2011-10-09 13:15:00,60,0
16596,2011-11-24 10:02:00,15,0
16597,2011-12-05 15:44:00,3,0
16598,2011-02-27 11:42:00,285,1
16600,2011-12-05 16:00:00,3,0
16601,2011-10-30 11:09:00,40,0
16602,2011-11-03 15:54:00,35,0
16603,2011-09-26 10:06:00,74,0
16607,2011-11-22 10:24:00,17,0
16609,2011-11-24 13:32:00,14,0
16610,2011-05-04 13:13:00,218,1
16611,2011-06-06 15:46:00,185,1
16612,2011-11-07 07:38:00,32,0
16613,2011-09-30 15:52:00,69,0
16614,2011-06-10 11:36:00,182,1
16616,2011-11-24 16:31:00,14,0
16617,2011-04-18 10:35:00,235,1
16618,2011-11-08 13:52:00,30,0
16619,2011-03-21 08:18:00,263,1
16620,2011-12-06 12:19:00,3,0
16621,2011-10-19 11:38:00,51,0
16623,2011-04-08 10:09:00,245,1
16624,2011-09-20 12:39:00,80,0
16625,2011-03-10 12:50:00,274,1
16626,2011-12-09 11:56:00,0,0
16627,2011-09-21 14:38:00,78,0
16628,2011-11-10 12:45:00,29,0
16629,2011-09-27 10:34:00,73,0
16633,2011-11-22 13:41:00,16,0
16634,2011-05-01 12:09:00,222,1
16637,2011-11-07 13:17:00,31,0
16638,2011-11-17 11:09:00,22,0
16639,2011-11-08 13:20:00,30,0
16641,2011-08-26 12:49:00,105,1
16642,2011-12-05 11:31:00,4,0
16643,2011-04-08 08:24:00,245,1
16644,2011-06-15 12:39:00,177,1
16647,2011-06-23 11:47:00,169,1
16648,2011-10-28 08:58:00,42,0
16650,2011-09-29 09:51:00,71,0
16652,2011-10-12 09:38:00,58,0
16653,2011-11-23 14:51:00,15,0
16654,2011-07-21 15:23:00,140,1
16655,2011-11-22 11:25:00,17,0
16656,2011-11-17 14:43:00,21,0
16657,2011-11-30 11:48:00,9,0
16658,2010-12-06 13:47:00,367,1
16659,2011-06-03 15:03:00,188,1
16660,2011-11-23 14:53:00,15,0
16665,2010-12-12 14:03:00,361,1
16666,2011-11-20 14:01:00,18,0
16667,2011-10-02 15:26:00,67,0
16668,2011-11-24 17:43:00,14,0
16669,2011-11-16 12:26:00,23,0
16670,2011-11-23 09:34:00,16,0
16671,2011-11-11 13:40:00,27,0
16672,2011-12-07 16:29:00,1,0
16674,2011-10-16 11:31:00,54,0
16676,2011-11-06 12:01:00,33,0
16678,2011-12-07 12:17:00,2,0
16679,2010-12-08 13:51:00,365,1
16680,2011-10-27 17:35:00,42,0
16681,2011-09-28 11:11:00,72,0
16682,2011-12-05 12:13:00,4,0
16684,2011-12-05 14:06:00,3,0
16685,2011-10-09 13:58:00,60,0
16686,2011-10-23 13:49:00,46,0
16688,2011-12-08 15:24:00,0,0
16689,2011-09-25 11:39:00,75,0
16690,2011-09-28 15:02:00,71,0
16692,2011-03-28 14:46:00,255,1
16693,2011-10-02 11:10:00,68,0
16696,2011-07-27 14:23:00,134,1
16697,2011-04-12 17:12:00,240,1
16698,2011-04-27 10:52:00,226,1
16700,2011-12-01 11:00:00,8,0
16701,2011-12-01 11:10:00,8,0
16705,2011-12-09 12:08:00,0,0
16706,2011-11-02 13:50:00,36,0
16708,2011-10-25 12:20:00,45,0
16709,2011-09-16 10:56:00,84,0
16710,2011-11-20 14:50:00,18,0
16711,2011-12-06 16:32:00,2,0
16712,2011-11-30 13:48:00,8,0
16713,2011-11-21 12:36:00,18,0
16714,2011-05-05 11:09:00,218,1
16715,2011-09-22 18:15:00,77,0
16716,2011-03-18 10:03:00,266,1
16717,2011-11-16 12:16:00,23,0
16718,2010-12-05 13:03:00,368,1
16719,2011-11-25 09:27:00,14,0
16720,2011-11-13 16:22:00,25,0
16721,2011-03-22 16:08:00,261,1
16722,2011-11-22 13:28:00,16,0
16723,2011-09-09 13:01:00,90,0
16725,2011-02-10 16:52:00,301,1
16726,2011-11-13 14:53:00,25,0
16727,2010-12-10 13:48:00,363,1
16728,2011-10-24 14:36:00,45,0
16729,2011-11-01 14:29:00,37,0
16730,2011-10-18 14:11:00,51,0
16732,2011-11-08 09:54:00,31,0
16734,2011-10-18 13:44:00,51,0
16735,2011-09-22 11:49:00,78,0
16737,2011-10-17 13:03:00,52,0
16738,2011-02-15 09:46:00,297,1
16739,2011-06-16 09:17:00,176,1
16742,2011-10-24 12:02:00,46,0
16743,2011-11-10 13:13:00,28,0
16744,2011-11-28 13:06:00,10,0
16745,2011-09-14 11:58:00,86,0
16746,2011-12-05 12:33:00,4,0
16747,2011-11-02 11:37:00,37,0
16748,2011-11-22 10:17:00,17,0
16750,2011-10-26 12:48:00,44,0
16751,2011-11-09 10:48:00,30,0
16752,2010-12-02 12:18:00,372,1
16753,2011-10-12 13:14:00,57,0
16754,2010-12-02 17:38:00,371,1
16755,2011-08-17 13:21:00,113,1
16756,2011-05-09 09:33:00,214,1
16757,2011-01-25 11:59:00,318,1
16758,2011-10-05 14:47:00,64,0
16759,2011-12-02 12:42:00,7,0
16761,2011-09-04 11:15:00,96,1
16762,2011-11-20 11:43:00,19,0
16763,2011-05-25 11:52:00,198,1
16764,2011-12-06 11:41:00,3,0
16765,2011-02-18 15:41:00,293,1
16766,2011-03-11 15:22:00,272,1
16767,2011-11-09 09:42:00,30,0
16768,2011-10-23 10:38:00,47,0
16769,2011-03-24 13:41:00,259,1
16770,2011-10-13 12:21:00,57,0
16771,2011-11-06 13:28:00,32,0
16773,2011-10-13 14:37:00,56,0
16774,2011-10-03 12:41:00,67,0
16775,2011-11-29 15:22:00,9,0
16776,2011-10-10 13:04:00,59,0
16777,2011-09-20 13:41:00,79,0
16778,2011-09-26 13:48:00,73,0
16779,2011-12-07 14:54:00,1,0
16780,2011-08-31 16:09:00,99,1
16781,2010-12-02 14:26:00,371,1
16782,2011-11-29 13:20:00,9,0
16784,2011-11-20 12:20:00,19,0
16788,2011-08-08 14:53:00,122,1
16789,2011-12-01 15:12:00,7,0
16790,2011-12-06 11:53:00,3,0
16791,2011-11-10 19:12:00,28,0
16792,2011-03-02 14:41:00,281,1
16793,2011-10-13 15:08:00,56,0
16794,2011-12-08 17:54:00,0,0
16795,2010-12-09 14:08:00,364,1
16796,2011-09-11 14:01:00,88,0
16800,2011-11-28 14:06:00,10,0
16801,2011-06-29 15:33:00,162,1
16803,2011-10-05 14:28:00,64,0
16804,2011-11-16 16:43:00,22,0
16805,2011-06-19 11:23:00,173,1
16806,2011-08-28 15:27:00,102,1
16807,2011-07-20 12:00:00,142,1
16808,2011-09-01 19:34:00,98,1
16809,2011-11-16 15:45:00,22,0
16810,2011-05-31 15:32:00,191,1
16811,2011-12-05 11:39:00,4,0
16812,2010-12-14 12:35:00,360,1
16813,2011-12-01 14:03:00,7,0
16814,2011-11-25 13:27:00,13,0
16816,2011-08-28 14:16:00,102,1
16817,2011-12-07 11:03:00,2,0
16818,2011-11-29 10:41:00,10,0
16820,2011-09-05 12:06:00,95,1
16823,2011-04-26 15:00:00,226,1
16824,2011-11-24 12:38:00,15,0
16825,2011-11-01 11:51:00,38,0
16826,2011-10-19 14:05:00,50,0
16828,2011-09-07 15:10:00,92,1
16829,2011-07-06 10:48:00,156,1
16830,2011-11-01 11:35:00,38,0
16832,2011-06-08 15:36:00,183,1
16833,2011-12-08 14:39:00,0,0
16834,2011-04-26 09:37:00,227,1
16835,2011-08-03 13:50:00,127,1
16836,2011-10-31 10:05:00,39,0
16837,2011-11-08 14:27:00,30,0
16838,2011-05-26 13:13:00,196,1
16839,2011-12-01 09:03:00,8,0
16841,2011-11-03 11:51:00,36,0
16842,2011-08-31 10:42:00,100,1
16843,2011-10-28 09:06:00,42,0
16846,2011-10-20 13:55:00,49,0
16847,2011-10-27 13:29:00,42,0
16848,2011-10-18 08:42:00,52,0
16849,2011-06-06 09:16:00,186,1
16850,2011-01-10 11:09:00,333,1
16851,2011-12-05 13:32:00,3,0
16852,2011-11-29 13:22:00,9,0
16855,2011-11-16 12:03:00,23,0
16856,2011-11-25 08:59:00,14,0
16858,2010-12-06 09:52:00,368,1
16859,2011-07-18 12:19:00,144,1
16861,2011-10-11 09:05:00,59,0
16863,2011-11-08 15:26:00,30,0
16866,2011-07-22 10:06:00,140,1
16869,2011-11-17 12:02:00,22,0
16871,2011-11-17 19:27:00,21,0
16872,2011-09-23 16:05:00,76,0
16873,2011-12-05 12:05:00,4,0
16875,2011-10-03 13:39:00,66,0
16877,2011-11-27 13:47:00,11,0
16878,2011-09-16 17:39:00,83,0
16880,2011-11-09 11:33:00,30,0
16881,2011-10-04 10:33:00,66,0
16882,2011-10-04 10:42:00,66,0
16883,2011-06-05 12:51:00,186,1
16884,2011-11-02 11:52:00,37,0
16885,2011-11-24 13:40:00,14,0
16887,2011-11-04 14:07:00,34,0
16889,2011-05-29 11:05:00,194,1
16891,2011-12-08 11:15:00,1,0
16892,2011-12-08 13:18:00,0,0
16893,2010-12-08 12:06:00,366,1
16895,2011-10-06 12:15:00,64,0
16897,2011-02-13 15:02:00,298,1
16898,2011-11-13 15:44:00,25,0
16899,2011-12-02 12:03:00,7,0
16900,2011-11-23 10:32:00,16,0
16902,2011-08-15 14:17:00,115,1
16903,2011-11-10 15:32:00,28,0
16904,2011-12-05 13:10:00,3,0
16905,2011-12-04 14:01:00,4,0
16906,2011-09-19 11:49:00,81,0
16907,2011-11-10 18:04:00,28,0
16909,2011-09-28 16:45:00,71,0
16910,2011-12-05 12:51:00,3,0
16912,2011-11-11 12:18:00,28,0
16913,2011-02-22 12:56:00,289,1
16914,2011-11-03 15:27:00,35,0
16915,2011-11-30 16:39:00,8,0
16916,2011-11-16 12:08:00,23,0
16917,2011-03-08 11:55:00,276,1
16918,2011-10-21 12:50:00,49,0
16919,2011-07-06 13:35:00,155,1
16921,2011-10-09 16:22:00,60,0
16923,2011-11-27 13:00:00,11,0
16924,2011-11-18 12:53:00,20,0
16926,2010-12-03 13:42:00,370,1
16927,2011-08-16 11:10:00,115,1
16928,2011-09-20 15:10:00,79,0
16929,2011-12-06 08:37:00,3,0
16930,2011-11-13 16:13:00,25,0
16931,2011-12-04 13:15:00,4,0
16932,2011-10-17 14:12:00,52,0
16933,2011-12-08 12:54:00,0,0
16934,2011-10-16 12:40:00,54,0
16936,2011-11-14 11:04:00,25,0
16938,2011-12-01 10:20:00,8,0
16940,2011-10-18 13:15:00,51,0
16942,2011-11-27 12:40:00,12,0
16943,2011-05-12 11:57:00,211,1
16945,2011-11-18 11:39:00,21,0
16947,2011-04-18 09:38:00,235,1
16948,2011-07-24 12:46:00,138,1
16949,2011-12-06 11:07:00,3,0
16950,2011-10-14 09:06:00,56,0
16951,2011-07-28 12:05:00,134,1
16952,2011-08-22 13:03:00,108,1
16953,2011-11-09 15:54:00,29,0
16954,2011-12-09 09:46:00,0,0
16955,2011-06-08 10:36:00,184,1
16956,2011-11-22 08:56:00,17,0
16957,2011-04-14 13:56:00,238,1
16959,2011-09-13 15:03:00,86,0
16960,2011-11-01 11:35:00,38,0
16961,2011-08-15 13:46:00,115,1
16963,2011-06-05 13:48:00,186,1
16965,2011-04-27 12:08:00,226,1
16966,2011-12-01 13:40:00,7,0
16967,2011-06-03 14:24:00,188,1
16968,2011-12-05 15:02:00,3,0
16969,2011-10-31 13:12:00,38,0
16971,2011-11-01 15:06:00,37,0
16976,2011-03-17 16:33:00,266,1
16978,2011-09-23 12:50:00,77,0
16979,2011-12-06 12:21:00,3,0
16980,2011-03-29 16:36:00,254,1
16982,2011-10-10 12:28:00,60,0
16983,2011-11-27 12:10:00,12,0
16984,2011-09-12 13:43:00,87,0
16985,2011-11-22 13:33:00,16,0
16986,2011-11-10 11:55:00,29,0
16987,2011-12-06 17:26:00,2,0
16988,2011-12-04 16:02:00,4,0
16989,2011-12-02 16:39:00,6,0
16990,2011-05-05 08:30:00,218,1
16992,2011-11-29 11:50:00,10,0
16996,2011-11-09 16:43:00,29,0
16997,2011-02-24 17:28:00,287,1
16998,2011-07-13 09:44:00,149,1
16999,2011-11-16 13:53:00,22,0
17001,2011-12-09 09:38:00,0,0
17002,2011-09-15 12:40:00,85,0
17004,2011-10-24 14:25:00,45,0
17006,2011-12-05 12:09:00,4,0
17007,2011-10-20 10:47:00,50,0
17010,2011-11-21 14:49:00,17,0
17011,2011-11-09 13:30:00,29,0
17014,2011-12-01 14:09:00,7,0
17015,2011-11-11 10:45:00,28,0
17017,2011-12-07 09:32:00,2,0
17018,2011-10-30 11:42:00,40,0
17019,2011-11-28 13:06:00,10,0
17022,2011-11-08 17:09:00,30,0
17024,2011-10-25 13:47:00,44,0
17025,2011-10-10 09:06:00,60,0
17026,2011-06-07 14:28:00,184,1
17027,2011-09-22 12:24:00,78,0
17029,2011-08-21 11:06:00,110,1
17030,2011-10-07 08:49:00,63,0
17031,2011-11-28 10:23:00,11,0
17033,2011-09-14 14:34:00,85,0
17034,2011-11-23 15:14:00,15,0
17035,2011-04-08 11:23:00,245,1
17037,2011-09-13 12:49:00,87,0
17038,2011-11-09 13:50:00,29,0
17040,2011-07-25 10:19:00,137,1
17041,2011-11-13 11:21:00,26,0
17042,2011-12-07 12:26:00,2,0
17043,2011-11-07 15:33:00,31,0
17044,2011-11-14 14:28:00,24,0
17045,2011-08-18 17:09:00,112,1
17046,2011-07-05 14:24:00,156,1
17047,2011-09-15 13:27:00,84,0
17048,2011-08-14 11:49:00,117,1
17049,2011-12-07 10:48:00,2,0
17050,2011-09-04 13:48:00,95,1
17051,2011-05-29 14:13:00,193,1
17052,2011-11-11 14:50:00,27,0
17053,2011-08-01 10:23:00,130,1
17054,2011-11-11 12:56:00,27,0
17058,2011-09-19 10:13:00,81,0
17059,2011-11-10 12:27:00,29,0
17060,2011-03-18 13:27:00,265,1
17061,2011-09-27 11:24:00,73,0
17062,2011-01-30 11:01:00,313,1
17063,2011-11-18 16:19:00,20,0
17064,2011-10-12 10:18:00,58,0
17068,2011-11-27 13:14:00,11,0
17069,2011-11-11 17:13:00,27,0
17070,2011-08-17 17:01:00,113,1
17071,2011-11-11 16:31:00,27,0
17073,2011-11-22 11:47:00,17,0
17075,2011-11-22 11:58:00,17,0
17076,2011-11-03 17:53:00,35,0
17078,2011-11-03 19:17:00,35,0
17079,2011-09-22 15:34:00,77,0
17080,2011-11-17 12:59:00,21,0
17081,2011-11-14 12:56:00,24,0
17082,2011-11-06 15:17:00,32,0
17083,2011-08-22 15:43:00,108,1
17084,2011-11-04 14:54:00,34,0
17085,2011-08-08 14:15:00,122,1
17086,2011-12-02 13:54:00,6,0
17088,2011-11-11 14:23:00,27,0
17090,2011-12-05 13:44:00,3,0
17091,2011-12-07 10:43:00,2,0
17092,2011-10-20 19:51:00,49,0
17094,2011-01-21 13:09:00,321,1
17095,2011-11-17 12:21:00,22,0
17096,2011-11-24 15:01:00,14,0
17097,2011-12-07 17:05:00,1,0
17100,2011-11-21 16:36:00,17,0
17101,2011-11-29 13:57:00,9,0
17102,2011-03-23 10:08:00,261,1
17105,2011-07-03 15:53:00,158,1
17107,2011-11-06 14:14:00,32,0
17109,2011-11-10 16:59:00,28,0
17110,2011-06-27 12:58:00,164,1
17111,2011-10-23 15:59:00,46,0
17114,2011-12-04 12:17:00,5,0
17115,2011-12-01 14:30:00,7,0
17117,2011-02-24 13:54:00,287,1
17118,2011-01-26 12:19:00,317,1
17119,2011-12-06 14:40:00,2,0
17120,2011-04-20 15:21:00,232,1
17122,2011-08-12 14:33:00,118,1
17123,2011-07-01 10:47:00,161,1
17124,2011-06-07 14:02:00,184,1
17125,2011-10-20 14:41:00,49,0
17126,2011-07-10 13:52:00,151,1
17128,2011-01-09 12:02:00,334,1
17131,2011-12-04 12:52:00,4,0
17133,2011-11-24 12:27:00,15,0
17134,2011-08-25 09:53:00,106,1
17135,2011-11-23 16:48:00,15,0
17138,2011-03-09 11:54:00,275,1
17139,2011-11-24 10:12:00,15,0
17140,2011-04-06 13:33:00,246,1
17142,2011-04-14 18:22:00,238,1
17144,2011-12-08 17:57:00,0,0
17146,2011-08-26 12:44:00,105,1
17147,2011-11-17 12:32:00,22,0
17148,2011-10-19 09:59:00,51,0
17152,2011-05-29 12:19:00,194,1
17153,2011-11-15 13:42:00,23,0
17154,2011-09-25 13:42:00,74,0
17155,2011-11-22 12:38:00,17,0
17157,2011-12-02 09:10:00,7,0
17158,2011-11-07 15:15:00,31,0
17159,2011-11-18 10:52:00,21,0
17160,2011-11-08 14:05:00,30,0
17162,2011-11-11 11:34:00,28,0
17163,2011-11-18 08:57:00,21,0
17164,2011-11-07 09:14:00,32,0
17165,2011-02-28 16:39:00,283,1
17166,2011-11-01 09:46:00,38,0
17169,2011-10-13 10:25:00,57,0
17171,2011-02-23 16:37:00,288,1
17172,2011-09-22 09:36:00,78,0
17173,2011-12-04 14:40:00,4,0
17174,2011-05-06 11:47:00,217,1
17175,2011-10-26 15:31:00,43,0
17176,2011-05-22 12:41:00,201,1
17179,2011-06-14 16:48:00,177,1
17180,2011-10-14 15:46:00,55,0
17181,2011-10-13 14:48:00,56,0
17183,2011-12-02 10:07:00,7,0
17186,2011-10-24 10:20:00,46,0
17187,2011-04-27 12:39:00,226,1
17188,2011-11-28 13:53:00,10,0
17189,2011-08-25 19:39:00,105,1
17190,2011-10-12 11:33:00,58,0
17191,2011-11-11 16:58:00,27,0
17193,2011-11-04 12:47:00,35,0
17194,2011-03-11 12:05:00,273,1
17197,2011-11-10 10:32:00,29,0
17198,2011-11-16 10:39:00,23,0
17201,2011-10-17 11:55:00,53,0
17203,2011-11-04 12:27:00,35,0
17204,2011-06-17 14:46:00,174,1
17205,2011-10-17 12:46:00,53,0
17206,2011-10-17 13:25:00,52,0
17211,2011-11-13 12:03:00,26,0
17212,2011-03-31 19:42:00,252,1
17213,2011-10-30 14:53:00,39,0
17214,2011-10-10 13:17:00,59,0
17217,2011-04-19 17:19:00,233,1
17218,2011-12-05 13:52:00,3,0
17219,2011-11-08 11:25:00,31,0
17220,2011-11-15 13:47:00,23,0
17221,2011-12-02 13:35:00,6,0
17222,2011-10-05 13:58:00,64,0
17223,2011-02-02 15:57:00,309,1
17226,2011-02-04 11:52:00,308,1
17227,2011-11-21 10:51:00,18,0
17228,2011-11-24 10:24:00,15,0
17229,2011-09-04 13:56:00,95,1
17230,2011-03-20 16:12:00,263,1
17231,2011-11-27 15:18:00,11,0
17232,2011-12-07 12:21:00,2,0
17233,2011-11-04 14:06:00,34,0
17234,2011-06-10 11:20:00,182,1
17235,2011-11-14 15:51:00,24,0
17236,2011-11-27 12:00:00,12,0
17237,2011-11-28 15:02:00,10,0
17238,2011-12-07 11:35:00,2,0
17239,2011-01-31 09:41:00,312,1
17242,2011-08-23 14:55:00,107,1
17243,2011-12-08 13:26:00,0,0
17244,2011-10-17 15:19:00,52,0
17245,2011-05-19 10:43:00,204,1
17247,2011-11-24 15:21:00,14,0
17248,2011-08-11 13:34:00,119,1
17250,2011-12-06 12:15:00,3,0
17251,2010-12-12 11:06:00,362,1
17252,2011-08-15 09:45:00,116,1
17253,2011-11-21 12:59:00,17,0
17254,2011-12-05 12:46:00,4,0
17255,2011-10-30 12:18:00,40,0
17256,2011-08-24 13:30:00,106,1
17259,2011-07-14 15:01:00,147,1
17262,2011-10-18 12:56:00,51,0
17263,2011-05-15 14:32:00,207,1
17265,2011-07-24 10:49:00,138,1
17266,2011-12-07 14:12:00,1,0
17267,2011-08-04 17:22:00,126,1
17268,2011-08-24 10:06:00,107,1
17272,2011-10-28 16:37:00,41,0
17274,2011-11-04 13:16:00,34,0
17277,2011-04-26 12:47:00,227,1
17278,2011-04-12 13:10:00,240,1
17279,2011-10-13 11:58:00,57,0
17282,2011-08-01 14:29:00,129,1
17284,2011-10-10 14:38:00,59,0
17286,2011-11-18 12:47:00,21,0
17287,2011-11-13 13:27:00,25,0
17288,2011-11-30 16:09:00,8,0
17289,2011-11-08 12:01:00,31,0
17290,2011-12-06 12:38:00,3,0
17291,2011-02-04 13:04:00,307,1
17293,2011-12-01 14:37:00,7,0
17295,2011-11-11 10:49:00,28,0
17297,2011-11-22 14:43:00,16,0
17298,2011-08-30 16:43:00,100,1
17299,2011-11-28 12:01:00,11,0
17301,2011-11-18 13:43:00,20,0
17302,2011-11-25 09:36:00,14,0
17303,2010-12-13 13:32:00,360,1
17306,2011-11-29 12:14:00,10,0
17309,2011-09-05 15:20:00,94,1
17311,2011-09-22 14:11:00,77,0
17312,2011-07-24 11:52:00,138,1
17313,2011-11-08 15:45:00,30,0
17314,2011-11-15 09:41:00,24,0
17315,2011-12-08 12:15:00,1,0
17317,2011-10-24 17:19:00,45,0
17320,2011-08-31 13:31:00,99,1
17321,2011-12-01 13:41:00,7,0
17323,2011-11-24 17:29:00,14,0
17324,2011-11-22 10:34:00,17,0
17325,2011-03-04 13:09:00,279,1
17329,2011-11-25 14:24:00,13,0
17330,2011-11-17 08:56:00,22,0
17331,2011-08-08 11:55:00,123,1
17333,2011-09-15 10:11:00,85,0
17334,2011-02-10 14:59:00,301,1
17337,2011-07-11 14:55:00,150,1
17338,2011-11-22 14:23:00,16,0
17339,2011-09-06 13:29:00,93,1
17340,2011-11-10 10:45:00,29,0
17341,2011-07-06 12:33:00,156,1
17343,2010-12-19 15:07:00,354,1
17344,2011-10-24 12:56:00,45,0
17345,2011-11-24 15:03:00,14,0
17346,2011-12-06 12:18:00,3,0
17347,2011-09-14 13:12:00,85,0
17348,2011-11-25 11:25:00,14,0
17349,2011-06-13 14:29:00,178,1
17350,2011-12-01 15:47:00,7,0
17351,2011-11-03 18:45:00,35,0
17353,2011-08-02 17:19:00,128,1
17354,2011-10-20 10:34:00,50,0
17356,2011-02-01 11:07:00,311,1
17357,2011-11-15 16:30:00,23,0
17358,2011-02-09 16:57:00,302,1
17359,2011-11-28 14:37:00,10,0
17360,2011-11-22 13:11:00,16,0
17361,2011-10-21 15:43:00,48,0
17362,2011-04-14 14:43:00,238,1
17364,2011-12-09 09:00:00,0,0
17365,2011-11-27 12:13:00,12,0
17367,2011-04-15 14:21:00,237,1
17368,2011-11-16 15:26:00,22,0
17370,2011-09-28 10:14:00,72,0
17371,2011-11-22 13:30:00,16,0
17372,2011-10-30 11:37:00,40,0
17373,2011-10-30 15:28:00,39,0
17374,2011-05-05 09:05:00,218,1
17375,2011-05-24 15:45:00,198,1
17376,2011-09-30 12:36:00,70,0
17377,2011-11-16 11:17:00,23,0
17379,2011-11-28 13:56:00,10,0
17381,2011-12-01 11:59:00,8,0
17382,2011-10-05 13:05:00,64,0
17383,2011-12-05 17:36:00,3,0
17384,2011-11-20 15:48:00,18,0
17385,2011-11-25 11:02:00,14,0
17386,2011-12-02 11:28:00,7,0
17387,2011-11-20 11:00:00,19,0
17388,2011-09-23 10:31:00,77,0
17389,2011-12-09 09:38:00,0,0
17391,2011-06-29 09:58:00,163,1
17392,2011-02-06 12:48:00,306,1
17394,2011-05-04 13:22:00,218,1
17396,2011-10-31 14:12:00,38,0
17397,2011-11-17 14:08:00,21,0
17398,2011-08-17 09:48:00,114,1
17400,2011-08-05 15:38:00,125,1
17402,2011-12-05 10:15:00,4,0
17403,2011-11-03 15:18:00,35,0
17404,2011-12-05 16:26:00,3,0
17405,2011-12-08 17:12:00,0,0
17406,2011-01-10 15:07:00,332,1
17408,2011-06-29 12:53:00,162,1
17409,2011-06-08 10:36:00,184,1
17410,2011-11-23 15:46:00,15,0
17411,2011-11-27 14:25:00,11,0
17412,2011-12-07 11:36:00,2,0
17414,2011-10-27 12:13:00,43,0
17415,2011-09-21 12:50:00,79,0
17416,2011-11-10 12:47:00,29,0
17418,2011-10-28 13:00:00,41,0
17419,2011-11-28 13:47:00,10,0
17420,2011-10-20 14:52:00,49,0
17422,2011-11-23 13:27:00,15,0
17423,2011-10-24 13:36:00,45,0
17425,2011-11-20 15:30:00,18,0
17426,2011-12-01 18:07:00,7,0
17427,2011-09-29 11:29:00,71,0
17428,2011-12-09 09:45:00,0,0
17429,2011-08-03 13:22:00,127,1
17430,2011-11-07 09:24:00,32,0
17431,2011-01-30 14:36:00,312,1
17432,2011-11-21 17:33:00,17,0
17433,2011-09-12 14:24:00,87,0
17434,2011-12-07 13:16:00,1,0
17436,2011-12-08 12:30:00,1,0
17438,2011-03-31 10:26:00,253,1
17440,2011-07-06 11:54:00,156,1
17442,2011-11-03 09:17:00,36,0
17443,2011-05-04 10:47:00,219,1
17444,2011-07-15 12:05:00,147,1
17446,2011-06-16 10:42:00,176,1
17447,2011-10-30 14:18:00,39,0
17449,2011-12-07 16:56:00,1,0
17450,2011-12-01 13:29:00,7,0
17451,2011-12-08 15:02:00,0,0
17453,2011-11-22 09:42:00,17,0
17454,2011-05-31 13:58:00,191,1
17455,2011-05-20 12:31:00,203,1
17456,2010-12-09 15:23:00,364,1
17457,2011-08-05 12:48:00,126,1
17458,2011-11-24 13:01:00,14,0
17459,2011-10-27 13:25:00,42,0
17460,2011-09-06 15:04:00,93,1
17461,2011-11-17 10:21:00,22,0
17462,2011-10-10 13:56:00,59,0
17463,2011-11-23 13:40:00,15,0
17464,2011-07-04 13:19:00,157,1
17466,2011-11-29 13:15:00,9,0
17468,2011-11-29 15:33:00,9,0
17469,2011-11-23 13:15:00,15,0
17470,2011-10-26 12:42:00,44,0
17472,2011-06-01 14:57:00,190,1
17475,2011-09-21 14:55:00,78,0
17480,2011-09-23 11:39:00,77,0
17481,2011-12-06 12:28:00,3,0
17483,2011-10-05 13:10:00,64,0
17486,2011-03-23 14:00:00,260,1
17489,2011-10-12 08:56:00,58,0
17490,2011-12-09 09:08:00,0,0
17491,2011-12-08 16:18:00,0,0
17492,2011-04-05 15:21:00,247,1
17495,2011-12-02 12:08:00,7,0
17496,2010-12-16 08:39:00,358,1
17498,2011-09-25 12:25:00,75,0
17499,2011-02-23 09:14:00,289,1
17500,2011-11-22 14:25:00,16,0
17501,2011-05-03 09:47:00,220,1
17502,2011-11-30 13:13:00,8,0
17503,2011-12-07 09:18:00,2,0
17504,2011-05-17 12:59:00,205,1
17505,2011-07-01 12:50:00,161,1
17506,2011-09-25 11:39:00,75,0
17507,2011-03-23 11:48:00,261,1
17508,2011-03-04 08:10:00,280,1
17509,2011-10-13 10:26:00,57,0
17510,2011-11-15 10:00:00,24,0
17511,2011-12-07 10:12:00,2,0
17512,2011-11-11 12:11:00,28,0
17513,2011-09-28 16:42:00,71,0
17514,2011-08-03 15:45:00,127,1
17515,2011-11-08 14:04:00,30,0
17516,2011-11-24 16:51:00,14,0
17517,2011-02-04 11:48:00,308,1
17519,2011-11-22 16:43:00,16,0
17520,2011-10-17 12:04:00,53,0
17521,2011-11-10 11:22:00,29,0
17522,2011-12-08 12:31:00,1,0
17523,2011-11-28 13:20:00,10,0
17524,2010-12-13 14:32:00,360,1
17525,2010-12-15 12:05:00,359,1
17526,2011-12-05 11:05:00,4,0
17527,2011-10-17 12:32:00,53,0
17528,2011-12-08 13:27:00,0,0
17530,2011-12-08 18:42:00,0,0
17531,2011-06-02 19:17:00,189,1
17534,2011-10-17 12:47:00,53,0
17535,2011-03-04 15:20:00,279,1
17536,2011-06-15 13:23:00,176,1
17537,2011-11-10 10:56:00,29,0
17538,2011-11-14 12:12:00,25,0
17540,2011-11-15 11:56:00,24,0
17542,2011-03-15 11:45:00,269,1
17545,2011-10-27 14:04:00,42,0
17548,2011-04-20 12:01:00,233,1
17549,2011-11-16 09:59:00,23,0
17550,2011-05-26 14:09:00,196,1
17551,2010-12-15 14:12:00,358,1
17552,2011-10-10 17:00:00,59,0
17553,2011-08-02 10:00:00,129,1
17554,2011-12-08 14:15:00,0,0
17555,2011-11-20 12:22:00,19,0
17556,2011-05-18 10:48:00,205,1
17557,2011-11-25 12:57:00,13,0
17560,2011-09-06 09:18:00,94,1
17561,2011-11-20 12:53:00,18,0
17562,2011-11-25 14:21:00,13,0
17564,2011-11-15 13:27:00,23,0
17566,2011-12-01 19:54:00,7,0
17567,2011-12-02 15:48:00,6,0
17569,2011-01-11 14:15:00,331,1
17571,2011-10-20 15:57:00,49,0
17572,2011-09-29 17:53:00,70,0
17573,2011-11-10 13:01:00,28,0
17574,2011-04-11 09:47:00,242,1
17576,2011-12-01 17:56:00,7,0
17578,2011-05-05 18:38:00,217,1
17579,2011-12-05 12:28:00,4,0
17580,2011-04-01 12:41:00,252,1
17581,2011-12-09 12:21:00,0,0
17582,2011-04-17 13:18:00,235,1
17584,2011-12-02 17:12:00,6,0
17585,2011-08-22 13:30:00,108,1
17588,2011-08-31 13:37:00,99,1
17589,2011-10-10 16:58:00,59,0
17590,2011-12-07 12:55:00,1,0
17591,2011-09-27 13:42:00,72,0
17593,2011-12-06 10:30:00,3,0
17594,2011-09-15 16:34:00,84,0
17595,2011-11-27 16:08:00,11,0
17596,2011-11-16 14:11:00,22,0
17597,2011-05-10 11:54:00,213,1
17600,2011-11-22 09:43:00,17,0
17601,2011-04-14 18:02:00,238,1
17602,2011-12-07 13:53:00,1,0
17603,2011-09-22 14:18:00,77,0
17604,2011-05-06 13:43:00,216,1
17608,2011-11-06 13:06:00,32,0
17609,2011-10-30 12:28:00,40,0
17611,2011-12-02 13:29:00,6,0
17612,2011-10-17 14:59:00,52,0
17613,2011-11-17 10:51:00,22,0
17614,2011-10-13 16:01:00,56,0
17615,2011-08-01 14:06:00,129,1
17616,2011-06-19 10:11:00,173,1
17618,2011-12-04 11:50:00,5,0
17619,2011-01-31 14:18:00,311,1
17620,2011-10-11 12:08:00,59,0
17621,2011-11-18 17:11:00,20,0
17623,2011-11-07 11:32:00,32,0
17624,2011-11-25 10:52:00,14,0
17625,2011-11-21 13:36:00,17,0
17628,2011-09-19 15:21:00,80,0
17629,2011-12-04 10:56:00,5,0
17630,2011-06-23 11:58:00,169,1
17631,2011-12-08 09:47:00,1,0
17633,2011-11-08 13:25:00,30,0
17634,2011-11-03 13:09:00,35,0
17636,2011-11-20 14:40:00,18,0
17637,2011-11-08 12:51:00,30,0
17639,2011-03-08 15:22:00,275,1
17640,2011-09-14 09:13:00,86,0
17642,2011-08-12 09:11:00,119,1
17643,2010-12-01 14:38:00,372,1
17644,2011-12-08 13:43:00,0,0
17646,2011-05-04 13:17:00,218,1
17647,2011-10-05 15:38:00,64,0
17648,2011-10-10 09:41:00,60,0
17649,2011-07-24 15:53:00,137,1
17650,2011-11-18 14:52:00,20,0
17651,2011-11-28 10:29:00,11,0
17652,2011-11-14 12:55:00,24,0
17653,2011-11-03 12:46:00,36,0
17654,2011-03-07 13:17:00,276,1
17655,2011-11-29 11:34:00,10,0
17656,2011-09-27 13:04:00,72,0
17658,2011-11-14 12:07:00,25,0
17659,2011-11-22 13:29:00,16,0
17660,2011-07-21 13:37:00,140,1
17663,2011-11-14 08:56:00,25,0
17664,2011-11-21 11:29:00,18,0
17666,2011-12-06 09:06:00,3,0
17667,2011-10-04 14:32:00,65,0
17668,2011-12-08 13:25:00,0,0
17669,2011-10-28 08:53:00,42,0
17670,2011-04-26 09:12:00,227,1
17671,2011-11-24 12:21:00,15,0
17672,2011-10-20 14:18:00,49,0
17673,2011-12-08 12:50:00,1,0
17674,2011-09-26 13:35:00,73,0
17675,2011-12-08 18:03:00,0,0
17676,2011-12-05 15:16:00,3,0
17677,2011-12-08 09:56:00,1,0
17678,2011-03-21 11:52:00,263,1
17679,2011-10-18 07:43:00,52,0
17680,2011-11-16 12:42:00,23,0
17682,2011-11-29 15:59:00,9,0
17684,2011-10-27 11:10:00,43,0
17685,2011-11-23 11:36:00,16,0
17686,2011-12-02 15:39:00,6,0
17690,2011-11-09 15:17:00,29,0
17691,2010-12-16 17:20:00,357,1
17692,2011-08-04 14:01:00,126,1
17693,2011-07-25 15:48:00,136,1
17694,2011-07-21 12:00:00,141,1
17695,2011-07-31 10:40:00,131,1
17696,2011-11-01 13:43:00,37,0
17697,2011-04-17 15:40:00,235,1
17698,2011-03-24 11:34:00,260,1
17700,2011-11-23 11:51:00,16,0
17701,2011-04-01 12:25:00,252,1
17702,2011-11-09 16:03:00,29,0
17703,2011-11-04 15:51:00,34,0
17704,2011-06-24 09:40:00,168,1
17705,2011-12-06 13:45:00,2,0
17706,2011-12-05 13:34:00,3,0
17707,2011-06-07 15:03:00,184,1
17708,2011-06-05 10:12:00,187,1
17709,2011-06-23 11:55:00,169,1
17711,2011-11-29 11:40:00,10,0
17712,2011-10-26 12:28:00,44,0
17714,2011-01-23 10:32:00,320,1
17715,2011-05-23 12:32:00,200,1
17716,2011-11-17 12:00:00,22,0
17718,2011-04-21 13:39:00,231,1
17719,2011-11-02 10:36:00,37,0
17720,2011-11-13 15:04:00,25,0
17722,2011-09-04 15:22:00,95,1
17723,2011-08-04 18:37:00,126,1
17724,2011-09-29 15:26:00,70,0
17725,2011-11-23 16:34:00,15,0
17727,2011-11-24 17:06:00,14,0
17728,2011-12-06 08:52:00,3,0
17730,2011-12-06 15:43:00,2,0
17731,2011-09-21 15:02:00,78,0
17732,2010-12-02 09:29:00,372,1
17733,2011-11-01 08:16:00,38,0
17734,2011-10-17 12:33:00,53,0
17735,2011-12-07 16:47:00,1,0
17736,2011-11-30 15:36:00,8,0
17737,2011-11-30 15:16:00,8,0
17738,2011-11-20 15:05:00,18,0
17739,2011-11-28 09:12:00,11,0
17742,2011-08-18 15:28:00,112,1
17744,2011-12-06 12:11:00,3,0
17746,2011-04-13 14:31:00,239,1
17747,2011-08-19 08:13:00,112,1
17749,2011-06-14 15:45:00,177,1
17750,2011-12-04 14:09:00,4,0
17752,2010-12-15 16:19:00,358,1
17754,2011-12-09 11:20:00,0,0
17757,2011-12-08 15:31:00,0,0
17758,2011-11-20 14:45:00,18,0
17759,2011-11-22 16:02:00,16,0
17760,2011-11-18 10:56:00,21,0
17761,2011-11-07 10:23:00,32,0
17763,2011-03-21 14:25:00,262,1
17764,2011-10-20 11:03:00,50,0
17765,2011-07-04 12:41:00,158,1
17767,2011-11-24 14:42:00,14,0
17768,2011-12-01 13:22:00,7,0
17769,2011-11-27 11:18:00,12,0
17770,2011-05-25 12:34:00,198,1
17771,2011-10-14 11:43:00,56,0
17772,2011-11-29 11:05:00,10,0
17774,2011-09-04 12:49:00,96,1
17775,2011-03-30 10:50:00,254,1
17777,2011-11-15 12:02:00,24,0
17779,2011-11-18 14:15:00,20,0
17781,2011-07-03 16:00:00,158,1
17783,2011-09-28 16:07:00,71,0
17785,2011-10-17 13:43:00,52,0
17786,2011-09-15 12:51:00,84,0
17787,2011-07-10 11:24:00,152,1
17788,2011-09-27 10:09:00,73,0
17789,2011-03-03 13:14:00,280,1
17790,2011-11-13 11:30:00,26,0
17791,2011-11-10 12:09:00,29,0
17793,2011-11-14 14:24:00,24,0
17795,2011-06-13 12:36:00,179,1
17796,2011-10-30 15:38:00,39,0
17797,2011-11-17 13:21:00,21,0
17799,2011-11-17 15:16:00,21,0
17800,2011-11-02 12:57:00,36,0
17802,2011-09-18 14:56:00,81,0
17805,2011-09-27 11:49:00,73,0
17806,2011-11-28 14:12:00,10,0
17809,2011-11-23 12:59:00,15,0
17811,2011-12-05 13:46:00,3,0
17812,2011-11-27 11:47:00,12,0
17813,2011-11-25 16:13:00,13,0
17816,2011-11-03 11:34:00,36,0
17817,2011-12-05 14:39:00,3,0
17819,2011-09-29 10:52:00,71,0
17824,2011-10-19 14:14:00,50,0
17827,2011-12-04 15:00:00,4,0
17828,2011-11-17 08:41:00,22,0
17829,2011-02-14 12:46:00,298,1
17830,2011-12-08 12:28:00,1,0
17831,2011-11-06 15:09:00,32,0
17832,2011-10-21 11:43:00,49,0
17835,2011-12-07 11:48:00,2,0
17836,2011-10-23 16:13:00,46,0
17837,2011-10-28 16:13:00,41,0
17838,2011-11-13 11:20:00,26,0
17839,2011-10-28 17:27:00,41,0
17841,2011-12-08 12:07:00,1,0
17843,2011-02-09 15:33:00,302,1
17844,2011-08-25 11:27:00,106,1
17846,2011-09-15 15:20:00,84,0
17848,2011-09-19 16:49:00,80,0
17849,2011-05-05 13:46:00,217,1
17850,2010-12-02 15:27:00,371,1
17852,2011-11-28 12:36:00,11,0
17854,2011-06-07 16:21:00,184,1
17855,2010-12-02 09:44:00,372,1
17856,2011-12-08 09:40:00,1,0
17857,2011-12-05 13:13:00,3,0
17858,2011-12-04 11:56:00,5,0
17859,2011-02-08 10:32:00,304,1
17860,2010-12-06 12:41:00,368,1
17861,2011-12-06 16:21:00,2,0
17862,2011-01-20 12:23:00,323,1
17863,2011-10-11 13:45:00,58,0
17864,2011-11-27 11:15:00,12,0
17865,2011-11-09 12:08:00,30,0
17866,2011-07-20 11:07:00,142,1
17867,2011-11-09 14:15:00,29,0
17869,2011-08-24 16:16:00,106,1
17870,2011-12-07 15:07:00,1,0
17871,2011-05-19 11:32:00,204,1
17873,2011-09-20 16:41:00,79,0
17874,2011-06-07 12:54:00,184,1
17877,2011-06-22 13:00:00,169,1
17878,2011-10-27 11:24:00,43,0
17879,2011-06-19 12:36:00,173,1
17880,2010-12-10 10:21:00,364,1
17881,2011-02-08 17:16:00,303,1
17883,2011-12-06 17:49:00,2,0
17884,2011-12-06 11:33:00,3,0
17885,2011-11-27 14:40:00,11,0
17886,2011-11-08 10:09:00,31,0
17887,2011-08-02 17:29:00,128,1
17888,2011-11-18 13:45:00,20,0
17889,2011-05-11 16:26:00,211,1
17890,2011-01-21 11:19:00,322,1
17891,2011-06-30 20:08:00,161,1
17892,2011-10-14 16:49:00,55,0
17893,2011-04-28 13:50:00,224,1
17894,2011-09-29 09:23:00,71,0
17895,2011-10-26 17:00:00,43,0
17896,2011-11-16 13:59:00,22,0
17897,2011-06-20 11:23:00,172,1
17898,2011-09-15 14:56:00,84,0
17899,2011-07-03 14:58:00,158,1
17900,2011-06-02 14:38:00,189,1
17901,2011-11-10 17:29:00,28,0
17904,2011-11-18 12:57:00,20,0
17905,2011-09-29 17:33:00,70,0
17906,2011-04-06 17:25:00,246,1
17908,2010-12-01 11:45:00,373,1
17911,2011-11-30 14:52:00,8,0
17912,2011-02-02 14:25:00,309,1
17913,2011-10-12 10:45:00,58,0
17914,2011-12-06 11:58:00,3,0
17917,2011-10-25 13:20:00,44,0
17919,2011-09-12 13:41:00,87,0
17920,2011-12-05 14:29:00,3,0
17921,2011-10-06 18:56:00,63,0
17923,2011-03-02 15:15:00,281,1
17924,2011-11-28 09:11:00,11,0
17925,2010-12-02 10:10:00,372,1
17926,2011-07-29 14:39:00,132,1
17928,2011-10-25 13:52:00,44,0
17929,2011-11-28 16:01:00,10,0
17930,2011-11-04 10:23:00,35,0
17931,2011-07-28 18:33:00,133,1
17932,2011-11-10 19:49:00,28,0
17934,2011-10-19 11:16:00,51,0
17935,2011-07-24 13:18:00,137,1
17936,2011-12-04 13:32:00,4,0
17937,2011-12-01 11:45:00,8,0
17939,2011-07-03 12:27:00,159,1
17940,2011-10-21 13:27:00,48,0
17941,2011-08-01 08:30:00,130,1
17942,2011-12-02 10:45:00,7,0
17946,2011-04-20 17:00:00,232,1
17947,2011-11-02 13:05:00,36,0
17948,2011-07-15 12:58:00,146,1
17949,2011-12-08 18:46:00,0,0
17950,2011-09-28 15:18:00,71,0
17951,2011-10-31 12:30:00,39,0
17954,2011-12-04 14:15:00,4,0
17955,2011-05-25 12:00:00,198,1
17956,2011-04-04 13:47:00,248,1
17957,2011-10-04 14:58:00,65,0
17958,2011-08-15 12:19:00,116,1
17960,2011-06-21 14:15:00,170,1
17961,2011-11-18 16:55:00,20,0
17962,2011-07-20 14:16:00,141,1
17964,2011-11-08 10:44:00,31,0
17965,2011-11-02 09:31:00,37,0
17966,2011-11-02 10:26:00,37,0
17967,2010-12-03 11:19:00,371,1
17968,2010-12-01 12:23:00,373,1
17969,2011-06-26 13:00:00,165,1
17970,2011-05-12 20:03:00,210,1
17972,2011-04-12 12:16:00,241,1
17973,2011-10-19 10:34:00,51,0
17974,2011-11-15 11:37:00,24,0
17975,2011-11-24 13:27:00,14,0
17976,2010-12-02 13:49:00,371,1
17977,2011-11-10 13:28:00,28,0
17978,2010-12-09 14:05:00,364,1
17979,2011-11-04 12:05:00,35,0
17980,2011-06-27 12:01:00,165,1
17984,2011-07-17 15:59:00,144,1
17985,2011-11-17 14:24:00,21,0
17986,2011-10-14 14:22:00,55,0
17987,2011-06-07 14:22:00,184,1
17988,2011-11-28 11:00:00,11,0
17990,2011-04-17 11:44:00,236,1
17991,2011-04-28 15:58:00,224,1
17994,2011-08-10 11:41:00,121,1
17995,2011-03-03 12:30:00,281,1
17997,2011-09-26 16:13:00,73,0
17999,2011-11-02 15:56:00,36,0
18001,2011-11-27 16:02:00,11,0
18004,2010-12-12 13:47:00,361,1
18005,2011-12-06 11:51:00,3,0
18006,2011-11-16 16:52:00,22,0
18008,2011-09-30 15:17:00,69,0
18009,2011-04-18 13:36:00,234,1
18010,2011-03-28 12:27:00,256,1
18011,2010-12-01 17:35:00,372,1
18013,2011-07-07 14:11:00,154,1
18014,2011-11-11 15:28:00,27,0
18015,2011-12-05 14:49:00,3,0
18016,2011-11-07 13:25:00,31,0
18017,2011-09-19 16:15:00,80,0
18018,2011-08-23 17:37:00,107,1
18019,2011-10-19 12:10:00,51,0
18022,2011-11-04 12:45:00,35,0
18024,2011-07-10 12:40:00,152,1
18027,2011-09-02 10:38:00,98,1
18030,2011-12-05 16:37:00,3,0
18032,2011-01-09 15:32:00,333,1
18033,2011-10-05 17:28:00,64,0
18034,2011-11-18 12:22:00,21,0
18035,2011-11-04 12:39:00,35,0
18036,2011-11-07 14:40:00,31,0
18037,2011-07-08 13:39:00,153,1
18040,2011-11-20 14:20:00,18,0
18041,2011-11-28 11:39:00,11,0
18042,2011-10-17 11:49:00,53,0
18043,2011-11-15 12:48:00,24,0
18044,2011-12-05 14:26:00,3,0
18045,2011-10-25 13:07:00,44,0
18048,2011-05-20 14:58:00,202,1
18050,2010-12-15 14:25:00,358,1
18053,2011-09-30 09:05:00,70,0
18055,2011-12-02 14:25:00,6,0
18056,2011-02-24 14:27:00,287,1
18058,2011-11-30 08:38:00,9,0
18059,2011-11-16 16:49:00,22,0
18061,2011-11-18 11:20:00,21,0
18062,2011-06-19 14:47:00,172,1
18064,2011-07-29 16:39:00,132,1
18065,2011-12-04 10:30:00,5,0
18066,2011-09-25 15:30:00,74,0
18067,2011-10-30 15:58:00,39,0
18068,2011-02-23 14:50:00,288,1
18069,2011-11-13 16:03:00,25,0
18071,2011-03-27 11:59:00,257,1
18072,2011-06-07 10:44:00,185,1
18073,2011-08-17 14:02:00,113,1
18074,2010-12-01 09:53:00,373,1
18075,2011-11-16 15:21:00,22,0
18077,2011-12-01 13:32:00,7,0
18078,2011-05-06 14:32:00,216,1
18079,2011-10-25 15:27:00,44,0
18080,2011-11-21 08:02:00,18,0
18081,2011-11-03 16:30:00,35,0
18082,2011-11-14 12:45:00,25,0
18084,2011-11-23 13:57:00,15,0
18085,2011-01-13 15:17:00,329,1
18086,2011-03-10 13:34:00,273,1
18087,2011-09-02 15:12:00,97,1
18088,2011-10-09 13:41:00,60,0
18092,2011-12-07 13:14:00,1,0
18093,2011-09-07 15:43:00,92,1
18094,2011-09-19 09:28:00,81,0
18095,2011-01-31 12:50:00,312,1
18096,2011-11-28 12:44:00,11,0
18097,2011-12-02 11:16:00,7,0
18099,2011-08-04 15:52:00,126,1
18101,2011-11-28 13:37:00,10,0
18102,2011-12-09 11:50:00,0,0
18104,2011-11-02 14:07:00,36,0
18105,2011-11-02 12:04:00,37,0
18106,2011-01-14 12:23:00,329,1
18108,2011-03-30 13:56:00,253,1
18109,2011-12-08 11:36:00,1,0
18110,2011-11-20 12:34:00,19,0
18112,2011-11-27 14:43:00,11,0
18113,2010-12-06 12:31:00,368,1
18114,2011-02-22 13:20:00,289,1
18116,2011-10-03 11:00:00,67,0
18117,2011-11-14 12:47:00,25,0
18118,2011-11-29 11:32:00,10,0
18119,2010-12-07 11:59:00,367,1
18120,2011-05-09 13:45:00,213,1
18121,2011-07-13 12:53:00,148,1
18122,2011-12-01 13:08:00,7,0
18123,2011-11-15 14:23:00,23,0
18125,2011-11-10 12:29:00,29,0
18126,2011-10-10 12:19:00,60,0
18127,2011-11-20 14:05:00,18,0
18129,2011-04-10 14:16:00,242,1
18130,2011-11-24 14:40:00,14,0
18133,2011-05-11 14:14:00,211,1
18135,2011-11-10 19:32:00,28,0
18136,2011-10-07 15:40:00,62,0
18138,2011-02-17 14:51:00,294,1
18139,2011-11-22 10:44:00,17,0
18142,2011-07-05 13:19:00,156,1
18143,2011-08-15 12:07:00,116,1
18144,2011-12-02 12:46:00,7,0
18145,2011-11-27 11:22:00,12,0
18146,2011-07-22 12:08:00,140,1
18147,2011-10-25 11:46:00,45,0
18149,2011-10-20 12:04:00,50,0
18150,2011-11-07 16:49:00,31,0
18151,2011-07-28 11:35:00,134,1
18154,2011-12-06 16:41:00,2,0
18155,2011-09-25 13:32:00,74,0
18156,2011-11-27 12:24:00,12,0
18158,2011-11-30 16:19:00,8,0
18159,2011-02-11 14:26:00,300,1
18160,2011-10-13 15:50:00,56,0
18161,2011-11-24 16:40:00,14,0
18164,2011-11-02 12:56:00,36,0
18165,2011-06-15 13:23:00,176,1
18167,2011-11-16 15:56:00,22,0
18168,2011-06-16 19:21:00,175,1
18169,2011-10-10 12:18:00,60,0
18170,2011-11-06 14:35:00,32,0
18171,2011-10-12 09:13:00,58,0
18172,2011-11-25 11:12:00,14,0
18173,2011-09-14 11:26:00,86,0
18174,2011-12-02 16:56:00,6,0
18176,2010-12-16 15:45:00,357,1
18177,2011-11-08 14:44:00,30,0
18178,2011-08-03 09:30:00,128,1
18179,2011-11-30 16:23:00,8,0
18180,2011-12-05 08:39:00,4,0
18181,2011-11-15 15:08:00,23,0
18183,2011-04-26 15:26:00,226,1
18184,2011-11-24 15:28:00,14,0
18185,2011-04-04 13:42:00,248,1
18188,2011-11-24 16:46:00,14,0
18189,2011-09-23 12:40:00,77,0
18190,2011-05-31 14:48:00,191,1
18191,2011-03-23 12:08:00,261,1
18192,2011-09-29 09:53:00,71,0
18193,2011-06-27 13:58:00,164,1
18194,2011-09-18 13:29:00,81,0
18196,2011-09-05 16:22:00,94,1
18198,2011-12-05 14:49:00,3,0
18200,2011-08-25 18:45:00,105,1
18202,2011-05-24 12:12:00,199,1
18203,2011-07-05 13:07:00,156,1
18204,2011-09-29 16:44:00,70,0
18205,2011-11-03 13:22:00,35,0
18209,2011-11-11 12:07:00,28,0
18210,2011-12-08 11:02:00,1,0
18211,2011-11-14 08:10:00,25,0
18212,2011-01-17 16:14:00,325,1
18213,2011-04-17 10:21:00,236,1
18215,2011-09-11 16:05:00,88,0
18216,2011-11-08 16:55:00,30,0
18217,2011-11-10 13:18:00,28,0
18218,2011-05-12 12:53:00,210,1
18219,2011-12-07 11:43:00,2,0
18220,2011-04-27 09:03:00,226,1
18221,2011-11-17 14:40:00,21,0
18222,2011-09-08 10:45:00,92,1
18223,2011-12-05 09:11:00,4,0
18224,2011-03-21 10:30:00,263,1
18225,2011-12-06 13:27:00,2,0
18226,2011-10-26 13:36:00,43,0
18227,2011-05-06 12:23:00,217,1
18228,2011-10-14 09:21:00,56,0
18229,2011-11-28 09:48:00,11,0
18230,2011-11-30 13:22:00,8,0
18231,2011-05-31 14:18:00,191,1
18232,2011-09-19 11:49:00,81,0
18233,2011-01-18 08:44:00,325,1
18235,2011-09-29 08:27:00,71,0
18236,2011-11-10 08:06:00,29,0
18237,2011-12-07 12:49:00,2,0
18239,2011-05-05 12:38:00,218,1
18240,2011-10-24 13:06:00,45,0
18241,2011-11-30 12:10:00,9,0
18242,2011-09-28 13:43:00,71,0
18245,2011-12-02 14:48:00,6,0
18246,2011-11-16 11:49:00,23,0
18248,2011-08-09 10:19:00,122,1
18249,2011-11-22 15:07:00,16,0
18250,2011-02-02 13:16:00,309,1
18251,2011-09-13 15:03:00,86,0
18252,2011-10-20 12:43:00,50,0
18255,2011-09-11 13:16:00,88,0
18257,2011-10-31 14:48:00,38,0
18259,2011-11-15 12:34:00,24,0
18260,2011-06-20 12:37:00,172,1
18261,2011-10-27 15:36:00,42,0
18262,2011-07-22 16:04:00,139,1
18263,2011-11-14 09:00:00,25,0
18265,2011-09-28 14:10:00,71,0
18268,2011-07-28 19:13:00,133,1
18269,2010-12-08 13:53:00,365,1
18270,2011-11-01 13:57:00,37,0
18272,2011-12-07 12:43:00,2,0
18273,2011-12-07 13:16:00,1,0
18274,2011-11-09 17:03:00,29,0
18276,2011-10-27 10:54:00,43,0
18277,2011-10-12 15:22:00,57,0
18278,2011-09-27 11:58:00,73,0
18280,2011-03-07 09:52:00,277,1
18281,2011-06-12 10:53:00,180,1
18282,2011-12-02 11:43:00,7,0
18283,2011-12-06 12:02:00,3,0
18287,2011-10-28 09:29:00,42,0
