ds,trend,yhat_lower,yhat_upper,trend_lower,trend_upper,additive_terms,additive_terms_lower,additive_terms_upper,weekly,weekly_lower,weekly_upper,yearly,yearly_lower,yearly_upper,multiplicative_terms,multiplicative_terms_lower,multiplicative_terms_upper,yhat
2010-12-01,27539.461434111196,28259.127888303632,55703.28242045541,27539.461434111196,27539.461434111196,14720.562410987071,14720.562410987071,14720.562410987071,-1351.3264126411839,-1351.3264126411839,-1351.3264126411839,16071.888823628255,16071.888823628255,16071.888823628255,0.0,0.0,0.0,42260.023845098265
2010-12-02,27547.418343183333,36980.34761893041,64588.17280509536,27547.418343183333,27547.418343183333,23081.109750352392,23081.109750352392,23081.109750352392,7440.110857845459,7440.110857845459,7440.110857845459,15640.998892506937,15640.998892506937,15640.998892506937,0.0,0.0,0.0,50628.52809353573
2010-12-03,27555.37525225547,25774.348309910063,52971.90927907811,27555.37525225547,27555.37525225547,11958.170408186132,11958.170408186132,11958.170408186132,-3101.705648127522,-3101.705648127522,-3101.705648127522,15059.876056313655,15059.876056313655,15059.876056313655,0.0,0.0,0.0,39513.5456604416
2010-12-05,27571.289070399755,13526.859123750795,40812.89517329953,27571.289070399755,27571.289070399755,-481.52924348612555,-481.52924348612555,-481.52924348612555,-13912.727508985136,-13912.727508985136,-13912.727508985136,13431.19826549901,13431.19826549901,13431.19826549901,0.0,0.0,0.0,27089.75982691363
2010-12-06,27579.245979471892,25461.054475004923,51608.30852418541,27579.245979471892,27579.245979471892,10717.776847089564,10717.776847089564,10717.776847089564,-1666.2835831002894,-1666.2835831002894,-1666.2835831002894,12384.060430189855,12384.060430189855,12384.060430189855,0.0,0.0,0.0,38297.02282656146
2010-12-07,27587.20288854403,29206.513016431734,54788.07129005233,27587.20288854403,27587.20288854403,14462.879763086685,14462.879763086685,14462.879763086685,3275.0560697467413,3275.0560697467413,3275.0560697467413,11187.823693339948,11187.823693339948,11187.823693339948,0.0,0.0,0.0,42050.08265163071
2010-12-08,27595.159797616172,22700.27850509221,49645.62786328433,27595.159797616172,27595.159797616172,8500.176303133088,8500.176303133088,8500.176303133088,-1351.3264127092918,-1351.3264127092918,-1351.3264127092918,9851.50271584238,9851.50271584238,9851.50271584238,0.0,0.0,0.0,36095.336100749264
2010-12-09,27603.11670668831,30305.925468291814,56791.926523124384,27603.11670668831,27603.11670668831,15827.705134172973,15827.705134172973,15827.705134172973,7440.110857855534,7440.110857855534,7440.110857855534,8387.594276317439,8387.594276317439,8387.594276317439,0.0,0.0,0.0,43430.82184086128
2010-12-10,27611.073615760448,18652.61265622588,44612.07534094429,27611.073615760448,27611.073615760448,3710.2064276140554,3710.2064276140554,3710.2064276140554,-3101.7056481285076,-3101.7056481285076,-3101.7056481285076,6811.912075742564,6811.912075742564,6811.912075742564,0.0,0.0,0.0,31321.280043374503
2010-12-12,27626.98743390473,3872.706952183358,30133.300139312036,27626.98743390473,27626.98743390473,-10509.276926161918,-10509.276926161918,-10509.276926161918,-13912.727509008137,-13912.727509008137,-13912.727509008137,3403.45058284622,3403.45058284622,3403.45058284622,0.0,0.0,0.0,17117.710507742813
2010-12-13,27634.94434333856,14170.595683283063,41329.38937286897,27634.94434333856,27634.94434333856,-50.11386709345986,-50.11386709345986,-50.11386709345986,-1666.2835831238485,-1666.2835831238485,-1666.2835831238485,1616.1697160303888,1616.1697160303888,1616.1697160303888,0.0,0.0,0.0,27584.8304762451
2010-12-14,27642.901252772393,17672.735249559217,44210.60375107317,27642.901252772393,27642.901252772393,3082.2630855747225,3082.2630855747225,3082.2630855747225,3275.0560697039577,3275.0560697039577,3275.0560697039577,-192.79298412923507,-192.79298412923507,-192.79298412923507,0.0,0.0,0.0,30725.164338347116
2010-12-15,27650.858162206223,11119.364340905817,37450.81338550381,27650.858162206223,27650.858162206223,-3347.773348758699,-3347.773348758699,-3347.773348758699,-1351.3264126710615,-1351.3264126710615,-1351.3264126710615,-1996.4469360876374,-1996.4469360876374,-1996.4469360876374,0.0,0.0,0.0,24303.084813447524
2010-12-16,27658.81507164006,17240.706322416685,44605.9648631727,27658.81507164006,27658.81507164006,3672.993453531952,3672.993453531952,3672.993453531952,7440.110857865609,7440.110857865609,7440.110857865609,-3767.1174043336578,-3767.1174043336578,-3767.1174043336578,0.0,0.0,0.0,31331.80852517201
2010-12-17,27666.771981073893,5660.129308643105,32315.43257325551,27666.771981073893,27666.771981073893,-8578.769631898762,-8578.769631898762,-8578.769631898762,-3101.7056481174,-3101.7056481174,-3101.7056481174,-5477.0639837813615,-5477.0639837813615,-5477.0639837813615,0.0,0.0,0.0,19088.00234917513
2010-12-19,27682.685799941555,-8502.631876408934,18052.395277448508,27682.685799941555,27682.685799941555,-22520.01979885315,-22520.01979885315,-22520.01979885315,-13912.727508965036,-13912.727508965036,-13912.727508965036,-8607.292289888113,-8607.292289888113,-8607.292289888113,0.0,0.0,0.0,5162.666001088404
2010-12-20,27690.642709375385,3584.0107101560066,28254.06475902673,27690.642709375385,27690.642709375385,-11643.722362305027,-11643.722362305027,-11643.722362305027,-1666.283583129791,-1666.283583129791,-1666.283583129791,-9977.438779175236,-9977.438779175236,-9977.438779175236,0.0,0.0,0.0,16046.920347070358
2010-12-21,27698.599618809218,6026.8598513237885,32754.071637040688,27698.599618809218,27698.599618809218,-7912.72920332606,-7912.72920332606,-7912.72920332606,3275.0560697714272,3275.0560697714272,3275.0560697714272,-11187.785273097488,-11187.785273097488,-11187.785273097488,0.0,0.0,0.0,19785.870415483158
2010-12-22,27706.556528243047,1234.8316276968285,27768.187674764922,27706.556528243047,27706.556528243047,-13570.815296447554,-13570.815296447554,-13570.815296447554,-1351.3264126859988,-1351.3264126859988,-1351.3264126859988,-12219.488883761554,-12219.488883761554,-12219.488883761554,0.0,0.0,0.0,14135.741231795493
2010-12-23,27714.51343854606,8415.74154521342,36678.58526776528,27714.51343854606,27714.51343854606,-5616.989504743691,-5616.989504743691,-5616.989504743691,7440.110857834425,7440.110857834425,7440.110857834425,-13057.100362578118,-13057.100362578118,-13057.100362578118,0.0,0.0,0.0,22097.523933802368
2011-01-04,27809.996362182166,9252.505095942151,36126.33412223283,27809.996362182166,27809.996362182166,-4661.732465123667,-4661.732465123667,-4661.732465123667,3275.0560697365227,3275.0560697365227,3275.0560697365227,-7936.788534860189,-7936.788534860189,-7936.788534860189,0.0,0.0,0.0,23148.2638970585
2011-01-05,27817.953272485178,6143.189171572475,33351.509851390525,27817.953272485178,27817.953272485178,-8038.544693215475,-8038.544693215475,-8038.544693215475,-1351.3264126017298,-1351.3264126017298,-1351.3264126017298,-6687.218280613745,-6687.218280613745,-6687.218280613745,0.0,0.0,0.0,19779.408579269704
2011-01-06,27825.910182788186,16842.033555789778,41632.51148871463,27825.910182788186,27825.910182788186,2011.0281398817965,2011.0281398817965,2011.0281398817965,7440.110857854577,7440.110857854577,7440.110857854577,-5429.082717972781,-5429.082717972781,-5429.082717972781,0.0,0.0,0.0,29836.938322669983
2011-01-07,27833.867093091194,7558.304632489028,34106.11363110586,27833.867093091194,27833.867093091194,-7293.708688172231,-7293.708688172231,-7293.708688172231,-3101.705648142185,-3101.705648142185,-3101.705648142185,-4192.003040030046,-4192.003040030046,-4192.003040030046,0.0,0.0,0.0,20540.158404918962
2011-01-09,27849.780913697214,-949.1057436321075,25041.15135998887,27849.780913697214,27849.780913697214,-15806.898211629285,-15806.898211629285,-15806.898211629285,-13912.727509016102,-13912.727509016102,-13912.727509016102,-1894.1707026131814,-1894.1707026131814,-1894.1707026131814,0.0,0.0,0.0,12042.88270206793
2011-01-10,27857.73782400022,12125.264044819807,40439.24328999899,27857.73782400022,27857.73782400022,-2551.688358175452,-2551.688358175452,-2551.688358175452,-1666.2835831652349,-1666.2835831652349,-1666.2835831652349,-885.4047750102169,-885.4047750102169,-885.4047750102169,0.0,0.0,0.0,25306.04946582477
2011-01-11,27865.69473430323,17475.30358627814,44208.011769152894,27865.69473430323,27865.69473430323,3274.5633157853927,3274.5633157853927,3274.5633157853927,3275.0560697533297,3275.0560697533297,3275.0560697533297,-0.4927539679369978,-0.4927539679369978,-0.4927539679369978,0.0,0.0,0.0,31140.25805008862
2011-01-12,27873.651645629878,13596.32679919136,40381.37636088597,27873.651645629878,27873.651645629878,-609.62956867388,-609.62956867388,-609.62956867388,-1351.3264126698384,-1351.3264126698384,-1351.3264126698384,741.6968439959585,741.6968439959585,741.6968439959585,0.0,0.0,0.0,27264.022076955996
2011-01-13,27881.608556956522,22984.611784774643,49765.163077356294,27881.608556956522,27881.608556956522,8766.068080093783,8766.068080093783,8766.068080093783,7440.110857864652,7440.110857864652,7440.110857864652,1325.9572222291306,1325.9572222291306,1325.9572222291306,0.0,0.0,0.0,36647.6766370503
2011-01-14,27889.565468283166,13506.034491012328,39176.49533672349,27889.565468283166,27889.565468283166,-1360.648306076308,-1360.648306076308,-1360.648306076308,-3101.7056481359427,-3101.7056481359427,-3101.7056481359427,1741.0573420596352,1741.0573420596352,1741.0573420596352,0.0,0.0,0.0,26528.917162206857
2011-01-16,27905.479290936462,2929.1136148237283,28894.677066948327,27905.479290936462,27905.479290936462,-11872.81638250034,-11872.81638250034,-11872.81638250034,-13912.727509049182,-13912.727509049182,-13912.727509049182,2039.9111265488414,2039.9111265488414,2039.9111265488414,0.0,0.0,0.0,16032.662908436123
2011-01-17,27913.436202263107,13994.523664337814,40620.445725004756,27913.436202263107,27913.436202263107,256.19834244805816,256.19834244805816,256.19834244805816,-1666.2835831169696,-1666.2835831169696,-1666.2835831169696,1922.4819255650277,1922.4819255650277,1922.4819255650277,0.0,0.0,0.0,28169.634544711163
2011-01-18,27921.393113589755,19762.243271957886,46498.35112413732,27921.393113589755,27921.393113589755,4908.480931392912,4908.480931392912,4908.480931392912,3275.0560697701376,3275.0560697701376,3275.0560697701376,1633.4248616227746,1633.4248616227746,1633.4248616227746,0.0,0.0,0.0,32829.874044982666
2011-01-19,27929.3500249164,13599.605020712923,41100.067731921,27929.3500249164,27929.3500249164,-168.83989669110866,-168.83989669110866,-168.83989669110866,-1351.326412623801,-1351.326412623801,-1351.326412623801,1182.4865159326926,1182.4865159326926,1182.4865159326926,0.0,0.0,0.0,27760.51012822529
2011-01-20,27937.306936243043,22187.376126173003,50233.332740067395,27937.306936243043,27937.306936243043,8023.210455632935,8023.210455632935,8023.210455632935,7440.110857833468,7440.110857833468,7440.110857833468,583.0995977994669,583.0995977994669,583.0995977994669,0.0,0.0,0.0,35960.517391875976
2011-01-21,27945.26384756969,11255.994928198443,39149.69094903475,27945.26384756969,27945.26384756969,-3249.715054058986,-3249.715054058986,-3249.715054058986,-3101.705648136929,-3101.705648136929,-3101.705648136929,-148.00940592205663,-148.00940592205663,-148.00940592205663,0.0,0.0,0.0,24695.548793510705
2011-01-23,27961.177671763282,-2147.339418347953,25413.193760678645,27961.177671763282,27961.177671763282,-15837.630409430858,-15837.630409430858,-15837.630409430858,-13912.72750900608,-13912.72750900608,-13912.72750900608,-1924.9029004247789,-1924.9029004247789,-1924.9029004247789,0.0,0.0,0.0,12123.547262332424
2011-01-24,27969.13458386008,9998.316499320534,36406.548506444116,27969.13458386008,27969.13458386008,-4591.587462871661,-4591.587462871661,-4591.587462871661,-1666.2835832123537,-1666.2835832123537,-1666.2835832123537,-2925.303879659307,-2925.303879659307,-2925.303879659307,0.0,0.0,0.0,23377.54712098842
2011-01-25,27977.091495956876,14188.216915984662,40344.200761992935,27977.091495956876,27977.091495956876,-692.808608048475,-692.808608048475,-692.808608048475,3275.0560697184274,3275.0560697184274,3275.0560697184274,-3967.864677766902,-3967.864677766902,-3967.864677766902,0.0,0.0,0.0,27284.2828879084
2011-01-26,27985.048408053673,8136.510263341483,34037.222963173255,27985.048408053673,27985.048408053673,-6378.836925146715,-6378.836925146715,-6378.836925146715,-1351.326412638739,-1351.326412638739,-1351.326412638739,-5027.510512507975,-5027.510512507975,-5027.510512507975,0.0,0.0,0.0,21606.211482906958
2011-01-27,27993.005320150467,15652.706116053405,42953.90350442062,27993.005320150467,27993.005320150467,1360.7510050221035,1360.7510050221035,1360.7510050221035,7440.1108578073245,7440.1108578073245,7440.1108578073245,-6079.359852785222,-6079.359852785222,-6079.359852785222,0.0,0.0,0.0,29353.75632517257
2011-01-28,28000.962232247264,4727.496247972139,30775.22193241304,28000.962232247264,28000.962232247264,-10201.054619870192,-10201.054619870192,-10201.054619870192,-3101.7056481258205,-3101.7056481258205,-3101.7056481258205,-7099.348971744372,-7099.348971744372,-7099.348971744372,0.0,0.0,0.0,17799.907612377072
2011-01-30,28016.87605644085,-7198.359947014825,18272.460781957157,28016.87605644085,28016.87605644085,-22867.82167827521,-22867.82167827521,-22867.82167827521,-13912.727509029082,-13912.727509029082,-13912.727509029082,-8955.094169246126,-8955.094169246126,-8955.094169246126,0.0,0.0,0.0,5149.0543781656415
2011-01-31,28024.832968537652,2351.8964612554387,30577.684609478165,28024.832968537652,28024.832968537652,-11418.189492281506,-11418.189492281506,-11418.189492281506,-1666.2835831640878,-1666.2835831640878,-1666.2835831640878,-9751.905909117419,-9751.905909117419,-9751.905909117419,0.0,0.0,0.0,16606.643476256148
2011-02-01,28032.78988063445,7764.791382639711,33631.34210219189,28032.78988063445,28032.78988063445,-7164.813924581369,-7164.813924581369,-7164.813924581369,3275.056069735234,3275.056069735234,3275.056069735234,-10439.869994316603,-10439.869994316603,-10439.869994316603,0.0,0.0,0.0,20867.97595605308
2011-02-02,28040.746791381083,3605.975418004915,28173.08418038713,28040.746791381083,28040.746791381083,-12358.11389880953,-12358.11389880953,-12358.11389880953,-1351.3264126536776,-1351.3264126536776,-1351.3264126536776,-11006.787486155854,-11006.787486155854,-11006.787486155854,0.0,0.0,0.0,15682.632892571553
2011-02-03,28048.703702127725,10682.25518917801,37356.552686754825,28048.703702127725,28048.703702127725,-4003.7824568114643,-4003.7824568114643,-4003.7824568114643,7440.110857884795,7440.110857884795,7440.110857884795,-11443.893314696259,-11443.893314696259,-11443.893314696259,0.0,0.0,0.0,24044.92124531626
2011-02-04,28056.660612874362,1017.7864070854711,27589.982683795122,28056.660612874362,28056.660612874362,-14847.709088779802,-14847.709088779802,-14847.709088779802,-3101.7056481437667,-3101.7056481437667,-3101.7056481437667,-11746.003440636036,-11746.003440636036,-11746.003440636036,0.0,0.0,0.0,13208.95152409456
2011-02-06,28072.57443436764,-10927.421457314114,16656.19341919902,28072.57443436764,28072.57443436764,-25855.331863274212,-25855.331863274212,-25855.331863274212,-13912.72750902407,-13912.72750902407,-13912.72750902407,-11942.604354250141,-11942.604354250141,-11942.604354250141,0.0,0.0,0.0,2217.2425710934294
2011-02-07,28080.53134511428,869.9168382163303,27689.93328490319,28080.53134511428,28080.53134511428,-13510.874771912937,-13510.874771912937,-13510.874771912937,-1666.2835831700309,-1666.2835831700309,-1666.2835831700309,-11844.591188742908,-11844.591188742908,-11844.591188742908,0.0,0.0,0.0,14569.656573201342
2011-02-08,28088.48825586092,6456.677041842806,32673.23779333144,28088.48825586092,28088.48825586092,-8351.142115991843,-8351.142115991843,-8351.142115991843,3275.0560696924517,3275.0560696924517,3275.0560696924517,-11626.198185684296,-11626.198185684296,-11626.198185684296,0.0,0.0,0.0,19737.346139869078
2011-02-09,28096.44516660756,2939.3687680957623,28449.041856223743,28096.44516660756,28096.44516660756,-12650.3160396855,-12650.3160396855,-12650.3160396855,-1351.3264126686158,-1351.3264126686158,-1351.3264126686158,-11298.989627016885,-11298.989627016885,-11298.989627016885,0.0,0.0,0.0,15446.129126922058
2011-02-10,28104.402077354196,12262.070942445518,38617.42025269132,28104.402077354196,28104.402077354196,-3436.9224129553845,-3436.9224129553845,-3436.9224129553845,7440.110857889829,7440.110857889829,7440.110857889829,-10877.033270845215,-10877.033270845215,-10877.033270845215,0.0,0.0,0.0,24667.479664398812
2011-02-11,28112.35898810083,1295.6305263721501,27355.620410645377,28112.35898810083,28112.35898810083,-13478.157935100755,-13478.157935100755,-13478.157935100755,-3101.7056481326604,-3101.7056481326604,-3101.7056481326604,-10376.452286968095,-10376.452286968095,-10376.452286968095,0.0,0.0,0.0,14634.201053000075
2011-02-13,28128.272806931807,-8428.956886578295,18579.59409965414,28128.272806931807,28128.272806931807,-23123.9070391915,-23123.9070391915,-23123.9070391915,-13912.727509019056,-13912.727509019056,-13912.727509019056,-9211.179530172443,-9211.179530172443,-9211.179530172443,0.0,0.0,0.0,5004.365767740306
2011-02-14,28136.22971634729,4862.526485298307,29999.462404632275,28136.22971634729,28136.22971634729,-10250.68364732013,-10250.68364732013,-10250.68364732013,-1666.2835831759733,-1666.2835831759733,-1666.2835831759733,-8584.400064144154,-8584.400064144154,-8584.400064144154,0.0,0.0,0.0,17885.54606902716
2011-02-15,28144.186625762777,9589.924615985876,36288.792788674786,28144.186625762777,28144.186625762777,-4678.667943012886,-4678.667943012886,-4678.667943012886,3275.0560697599203,3275.0560697599203,3275.0560697599203,-7953.724012772806,-7953.724012772806,-7953.724012772806,0.0,0.0,0.0,23465.51868274989
2011-02-16,28152.14353517826,6284.552474387846,34309.54950948466,28152.14353517826,28152.14353517826,-8689.007864032768,-8689.007864032768,-8689.007864032768,-1351.326412622578,-1351.326412622578,-1351.326412622578,-7337.68145141019,-7337.68145141019,-7337.68145141019,0.0,0.0,0.0,19463.135671145494
2011-02-17,28160.100444593747,16982.59738423808,41444.93209208938,28160.100444593747,28160.100444593747,686.4209454680466,686.4209454680466,686.4209454680466,7440.110857863686,7440.110857863686,7440.110857863686,-6753.689912395639,-6753.689912395639,-6753.689912395639,0.0,0.0,0.0,28846.521390061793
2011-02-18,28168.05735400923,5842.83269198212,32166.308626971924,28168.05735400923,28168.05735400923,-9319.29121244445,-9319.29121244445,-9319.29121244445,-3101.7056481336467,-3101.7056481336467,-3101.7056481336467,-6217.585564310803,-6217.585564310803,-6217.585564310803,0.0,0.0,0.0,18848.76614156478
2011-02-20,28183.9711728402,-4239.3607304414245,22545.21471132279,28183.9711728402,28183.9711728402,-19254.776733274288,-19254.776733274288,-19254.776733274288,-13912.727508993896,-13912.727508993896,-13912.727508993896,-5342.049224280394,-5342.049224280394,-5342.049224280394,0.0,0.0,0.0,8929.194439565912
2011-02-21,28191.928082255687,8664.351496300642,34537.40769449329,28191.928082255687,28191.928082255687,-6689.260151591212,-6689.260151591212,-6689.260151591212,-1666.2835831995317,-1666.2835831995317,-1666.2835831995317,-5022.976568391679,-5022.976568391679,-5022.976568391679,0.0,0.0,0.0,21502.667930664473
2011-02-22,28199.88499008018,13267.477019939863,40049.147618207644,28199.88499008018,28199.88499008018,-1516.9788927968907,-1516.9788927968907,-1516.9788927968907,3275.0560697171386,3275.0560697171386,3275.0560697171386,-4792.034962514029,-4792.034962514029,-4792.034962514029,0.0,0.0,0.0,26682.90609728329
2011-02-23,28207.841897904673,8243.033775235763,35970.192779401164,28207.841897904673,28207.841897904673,-6003.660747674333,-6003.660747674333,-6003.660747674333,-1351.3264126375168,-1351.3264126375168,-1351.3264126375168,-4652.334335036817,-4652.334335036817,-4652.334335036817,0.0,0.0,0.0,22204.18115023034
2011-02-24,28215.798805729166,16619.743374183967,43392.39974164451,28215.798805729166,28215.798805729166,2836.0875164656036,2836.0875164656036,2836.0875164656036,7440.110857837543,7440.110857837543,7440.110857837543,-4604.023341371941,-4604.023341371941,-4604.023341371941,0.0,0.0,0.0,31051.88632219477
2011-02-25,28223.755713553663,7043.198538139135,32959.16558528524,28223.755713553663,28223.755713553663,-7746.054875473485,-7746.054875473485,-7746.054875473485,-3101.705648134631,-3101.705648134631,-3101.705648134631,-4644.349227338853,-4644.349227338853,-4644.349227338853,0.0,0.0,0.0,20477.700838080178
2011-02-27,28239.669529202656,-4836.8095096367115,23428.92617941931,28239.669529202656,28239.669529202656,-18879.05749729525,-18879.05749729525,-18879.05749729525,-13912.727508988883,-13912.727508988883,-13912.727508988883,-4966.329988306364,-4966.329988306364,-4966.329988306364,0.0,0.0,0.0,9360.612031907407
2011-02-28,28247.62643702715,7289.757862157587,35028.6002810053,28247.62643702715,28247.62643702715,-6895.9261231893215,-6895.9261231893215,-6895.9261231893215,-1666.283583151267,-1666.283583151267,-1666.283583151267,-5229.642540038054,-5229.642540038054,-5229.642540038054,0.0,0.0,0.0,21351.700313837828
2011-03-01,28255.583344851646,11794.777601682303,39312.25765777134,28255.583344851646,28255.583344851646,-2270.49596956669,-2270.49596956669,-2270.49596956669,3275.056069733946,3275.056069733946,3275.056069733946,-5545.552039300635,-5545.552039300635,-5545.552039300635,0.0,0.0,0.0,25985.087375284955
2011-03-02,28263.54025267614,7880.035557896607,34075.146921241474,28263.54025267614,28263.54025267614,-7251.709242384692,-7251.709242384692,-7251.709242384692,-1351.326412599286,-1351.326412599286,-1351.326412599286,-5900.382829785406,-5900.382829785406,-5900.382829785406,0.0,0.0,0.0,21011.831010291447
2011-03-03,28271.497160500632,15763.21699101082,42779.708810287324,28271.497160500632,28271.497160500632,1160.6991849736698,1160.6991849736698,1160.6991849736698,7440.110857842578,7440.110857842578,7440.110857842578,-6279.411672868908,-6279.411672868908,-6279.411672868908,0.0,0.0,0.0,29432.1963454743
2011-03-04,28279.454068773484,5295.693830558936,30962.762251359647,28279.454068773484,28279.454068773484,-9769.039876115794,-9769.039876115794,-9769.039876115794,-3101.7056481404843,-3101.7056481404843,-3101.7056481404843,-6667.334227975311,-6667.334227975311,-6667.334227975311,0.0,0.0,0.0,18510.414192657692
2011-03-06,28295.367885319185,-7648.998608952884,20732.75847967707,28295.367885319185,28295.367885319185,-21321.327922477398,-21321.327922477398,-21321.327922477398,-13912.727508983873,-13912.727508983873,-13912.727508983873,-7408.600413493526,-7408.600413493526,-7408.600413493526,0.0,0.0,0.0,6974.039962841787
2011-03-07,28303.32479359203,5888.413242419039,32468.043733120714,28303.32479359203,28303.32479359203,-9398.983951546712,-9398.983951546712,-9398.983951546712,-1666.2835831030002,-1666.2835831030002,-1666.2835831030002,-7732.700368443713,-7732.700368443713,-7732.700368443713,0.0,0.0,0.0,18904.34084204532
2011-03-08,28311.281701864882,10448.128813492207,37523.91281933838,28311.281701864882,28311.281701864882,-4733.037223380254,-4733.037223380254,-4733.037223380254,3275.056069750753,3275.056069750753,3275.056069750753,-8008.093293131006,-8008.093293131006,-8008.093293131006,0.0,0.0,0.0,23578.24447848463
2011-03-09,28319.238610137727,4781.64871631276,31822.379215121564,28319.238610137727,28319.238610137727,-9574.800788288103,-9574.800788288103,-9574.800788288103,-1351.3264127049501,-1351.3264127049501,-1351.3264127049501,-8223.474375583151,-8223.474375583151,-8223.474375583151,0.0,0.0,0.0,18744.437821849624
2011-03-10,28327.19551841058,14169.913452149105,41400.267782608425,28327.19551841058,28327.19551841058,-929.4061655737559,-929.4061655737559,-929.4061655737559,7440.110857852654,7440.110857852654,7440.110857852654,-8369.517023426408,-8369.517023426408,-8369.517023426408,0.0,0.0,0.0,27397.789352836822
2011-03-11,28335.152426683428,3469.3697550726756,30613.583697818634,28335.152426683428,28335.152426683428,-11540.850340754627,-11540.850340754627,-11540.850340754627,-3101.7056481293744,-3101.7056481293744,-3101.7056481293744,-8439.144692625254,-8439.144692625254,-8439.144692625254,0.0,0.0,0.0,16794.3020859288
2011-03-13,28351.066243229125,-6393.508073599986,18883.633160949234,28351.066243229125,28351.066243229125,-22245.96701935452,-22245.96701935452,-22245.96701935452,-13912.727509016951,-13912.727509016951,-13912.727509016951,-8333.239510337571,-8333.239510337571,-8333.239510337571,0.0,0.0,0.0,6105.099223874604
2011-03-14,28359.023151501977,5475.993914158395,31695.59992289165,28359.023151501977,28359.023151501977,-9822.533599205743,-9822.533599205743,-9822.533599205743,-1666.2835831265609,-1666.2835831265609,-1666.2835831265609,-8156.250016079182,-8156.250016079182,-8156.250016079182,0.0,0.0,0.0,18536.489552296232
2011-03-15,28366.98006054114,10245.036742382912,37230.30429408491,28366.98006054114,28366.98006054114,-4624.897861251541,-4624.897861251541,-4624.897861251541,3275.0560697586316,3275.0560697586316,3275.0560697586316,-7899.953931010173,-7899.953931010173,-7899.953931010173,0.0,0.0,0.0,23742.082199289598
2011-03-16,28374.936969580307,5076.066328629917,32825.80069705798,28374.936969580307,28374.936969580307,-8921.363183447655,-8921.363183447655,-8921.363183447655,-1351.32641266672,-1351.32641266672,-1351.32641266672,-7570.0367707809355,-7570.0367707809355,-7570.0367707809355,0.0,0.0,0.0,19453.573786132652
2011-03-17,28382.89387861947,15221.798748602898,42402.44284848073,28382.89387861947,28382.89387861947,265.60941451423645,265.60941451423645,265.60941451423645,7440.110857862729,7440.110857862729,7440.110857862729,-7174.501443348493,-7174.501443348493,-7174.501443348493,0.0,0.0,0.0,28648.50329313371
2011-03-18,28390.850787658634,4879.673672616344,31063.75491001576,28390.850787658634,28390.850787658634,-9825.127043782519,-9825.127043782519,-9825.127043782519,-3101.705648118268,-3101.705648118268,-3101.705648118268,-6723.421395664252,-6723.421395664252,-6723.421395664252,0.0,0.0,0.0,18565.723743876115
2011-03-20,28406.764605736953,-4968.064474140525,22082.306054978384,28406.764605736953,28406.764605736953,-19616.108569667944,-19616.108569667944,-19616.108569667944,-13912.727508963777,-13912.727508963777,-13912.727508963777,-5703.381060704169,-5703.381060704169,-5703.381060704169,0.0,0.0,0.0,8790.65603606901
2011-03-21,28414.72151477612,8606.356772906596,34088.93133537374,28414.72151477612,28414.72151477612,-6828.198085847532,-6828.198085847532,-6828.198085847532,-1666.283583132504,-1666.283583132504,-1666.283583132504,-5161.914502715027,-5161.914502715027,-5161.914502715027,0.0,0.0,0.0,21586.523428928587
2011-03-22,28422.678423815283,13536.695342655297,40223.22166535448,28422.678423815283,28422.678423815283,-1344.0107457718186,-1344.0107457718186,-1344.0107457718186,3275.0560697158485,3275.0560697158485,3275.0560697158485,-4619.066815487668,-4619.066815487668,-4619.066815487668,0.0,0.0,0.0,27078.667678043465
2011-03-23,28430.635332854446,9244.224826126458,36431.978250662585,28430.635332854446,28430.635332854446,-5441.1374301737105,-5441.1374301737105,-5441.1374301737105,-1351.3264126816575,-1351.3264126816575,-1351.3264126816575,-4089.8110174920525,-4089.8110174920525,-4089.8110174920525,0.0,0.0,0.0,22989.497902680734
2011-03-24,28438.592241893602,18468.895141260455,45883.12309841977,28438.592241893602,28438.592241893602,3851.295150408188,3851.295150408188,3851.295150408188,7440.110857836587,7440.110857836587,7440.110857836587,-3588.8157074283986,-3588.8157074283986,-3588.8157074283986,0.0,0.0,0.0,32289.88739230179
2011-03-25,28446.549151676576,9167.737035888274,35428.88828690033,28446.549151676576,28446.549151676576,-6231.716195313588,-6231.716195313588,-6231.716195313588,-3101.7056481241207,-3101.7056481241207,-3101.7056481241207,-3130.0105471894676,-3130.0105471894676,-3130.0105471894676,0.0,0.0,0.0,22214.83295636299
2011-03-27,28462.462971242527,-1408.9760568368995,25273.43797386943,28462.462971242527,28462.462971242527,-16301.28508825754,-16301.28508825754,-16301.28508825754,-13912.727508996852,-13912.727508996852,-13912.727508996852,-2388.5575792606883,-2388.5575792606883,-2388.5575792606883,0.0,0.0,0.0,12161.177882984986
2011-03-28,28470.4198810255,11541.911819661555,36713.18159187823,28470.4198810255,28470.4198810255,-3792.8335356346956,-3792.8335356346956,-3792.8335356346956,-1666.2835831384448,-1666.2835831384448,-1666.2835831384448,-2126.5499524962515,-2126.5499524962515,-2126.5499524962515,0.0,0.0,0.0,24677.586345390806
2011-03-29,28478.376790808474,16341.28605134321,42596.16133308154,28478.376790808474,28478.376790808474,1327.6534941639466,1327.6534941639466,1327.6534941639466,3275.056069673066,3275.056069673066,3275.056069673066,-1947.4025755091197,-1947.4025755091197,-1947.4025755091197,0.0,0.0,0.0,29806.03028497242
2011-03-30,28486.333700591447,11148.458540094096,39400.04886282886,28486.333700591447,28486.333700591447,-3207.338703691522,-3207.338703691522,-3207.338703691522,-1351.3264126356205,-1351.3264126356205,-1351.3264126356205,-1856.0122910559012,-1856.0122910559012,-1856.0122910559012,0.0,0.0,0.0,25278.994996899924
2011-03-31,28494.290610374424,21098.89800319693,46431.24140313708,28494.290610374424,28494.290610374424,5585.336670127867,5585.336670127867,5585.336670127867,7440.1108578778385,7440.1108578778385,7440.1108578778385,-1854.7741877499718,-1854.7741877499718,-1854.7741877499718,0.0,0.0,0.0,34079.62728050229
2011-04-01,28502.247520157398,9244.994827418219,37559.31487703756,28502.247520157398,28502.247520157398,-5045.211826218331,-5045.211826218331,-5045.211826218331,-3101.7056481251047,-3101.7056481251047,-3101.7056481251047,-1943.506178093226,-1943.506178093226,-1943.506178093226,0.0,0.0,0.0,23457.035693939066
2011-04-03,28518.161339723345,-1033.0687714584124,25454.43126578135,28518.161339723345,28518.161339723345,-16290.05821792761,-16290.05821792761,-16290.05821792761,-13912.727508991838,-13912.727508991838,-13912.727508991838,-2377.330708935769,-2377.330708935769,-2377.330708935769,0.0,0.0,0.0,12228.103121795735
2011-04-04,28526.11825131137,10127.015643851919,36722.08705007135,28526.11825131137,28526.11825131137,-4375.808767394905,-4375.808767394905,-4375.808767394905,-1666.2835830901795,-1666.2835830901795,-1666.2835830901795,-2709.525184304726,-2709.525184304726,-2709.525184304726,0.0,0.0,0.0,24150.309483916466
2011-04-05,28534.075162899397,14634.299804813272,43118.588148734394,28534.075162899397,28534.075162899397,168.8090335667053,168.8090335667053,168.8090335667053,3275.0560697316077,3275.0560697316077,3275.0560697316077,-3106.2470361649025,-3106.2470361649025,-3106.2470361649025,0.0,0.0,0.0,28702.8841964661
2011-04-06,28542.032074487426,10257.367384694588,37283.12950838572,28542.032074487426,28542.032074487426,-4907.15622991558,-4907.15622991558,-4907.15622991558,-1351.3264126505578,-1351.3264126505578,-1351.3264126505578,-3555.829817265023,-3555.829817265023,-3555.829817265023,0.0,0.0,0.0,23634.875844571845
2011-04-07,28549.988986075452,18145.551708373732,46019.0694688483,28549.988986075452,28549.988986075452,3395.0632163721034,3395.0632163721034,3395.0632163721034,7440.110857851697,7440.110857851697,7440.110857851697,-4045.047641479593,-4045.047641479593,-4045.047641479593,0.0,0.0,0.0,31945.052202447554
2011-04-08,28557.945897663478,7997.721537141683,34650.856561067936,28557.945897663478,28557.945897663478,-7661.18707135647,-7661.18707135647,-7661.18707135647,-3101.7056481260925,-3101.7056481260925,-3101.7056481260925,-4559.481423230378,-4559.481423230378,-4559.481423230378,0.0,0.0,0.0,20896.758826307007
2011-04-10,28573.85972083953,-3694.219583901242,23270.97554768504,28573.85972083953,28573.85972083953,-19515.495586426612,-19515.495586426612,-19515.495586426612,-13912.72750901484,-13912.72750901484,-13912.72750901484,-5602.768077411773,-5602.768077411773,-5602.768077411773,0.0,0.0,0.0,9058.364134412917
2011-04-11,28581.81663242756,6768.595032438497,34960.29856773056,28581.81663242756,28581.81663242756,-7766.78245338459,-7766.78245338459,-7766.78245338459,-1666.2835831679463,-1666.2835831679463,-1666.2835831679463,-6100.498870216643,-6100.498870216643,-6100.498870216643,0.0,0.0,0.0,20815.03417904297
2011-04-12,28589.773544015577,12616.494116273998,38624.97230955568,28589.773544015577,28589.773544015577,-3287.0001535027022,-3287.0001535027022,-3287.0001535027022,3275.0560698080053,3275.0560698080053,3275.0560698080053,-6562.0562233107075,-6562.0562233107075,-6562.0562233107075,0.0,0.0,0.0,25302.773390512877
2011-04-13,28597.73045560361,6955.427050402956,34106.898337342274,28597.73045560361,28597.73045560361,-8324.60372092203,-8324.60372092203,-8324.60372092203,-1351.3264126654963,-1351.3264126654963,-1351.3264126654963,-6973.2773082565345,-6973.2773082565345,-6973.2773082565345,0.0,0.0,0.0,20273.12673468158
2011-04-14,28605.687367128416,14665.315820435726,42064.52059342592,28605.687367128416,28605.687367128416,118.83626842339346,118.83626842339346,118.83626842339346,7440.110857861772,7440.110857861772,7440.110857861772,-7321.274589438378,-7321.274589438378,-7321.274589438378,0.0,0.0,0.0,28724.52363555181
2011-04-15,28613.644278653224,4871.2388158006315,31624.936266396653,28613.644278653224,28613.644278653224,-10696.488692233941,-10696.488692233941,-10696.488692233941,-3101.7056481149825,-3101.7056481149825,-3101.7056481149825,-7594.783044118958,-7594.783044118958,-7594.783044118958,0.0,0.0,0.0,17917.155586419285
2011-04-17,28629.558101702845,-7083.489440288158,19589.376256376854,28629.558101702845,28629.558101702845,-21795.86233666168,-21795.86233666168,-21795.86233666168,-13912.72750900983,-13912.72750900983,-13912.72750900983,-7883.134827651853,-7883.134827651853,-7883.134827651853,0.0,0.0,0.0,6833.695765041164
2011-04-18,28637.515013227654,6206.946432536271,32594.64275243018,28637.515013227654,28637.515013227654,-9552.269541308482,-9552.269541308482,-9552.269541308482,-1666.2835831196817,-1666.2835831196817,-1666.2835831196817,-7885.9859581888,-7885.9859581888,-7885.9859581888,0.0,0.0,0.0,19085.245471919174
2011-04-19,28645.471924752463,10183.789856567093,37137.600310355134,28645.471924752463,28645.471924752463,-4515.611168198082,-4515.611168198082,-4515.611168198082,3275.056069765222,3275.056069765222,3275.056069765222,-7790.667237963305,-7790.667237963305,-7790.667237963305,0.0,0.0,0.0,24129.86075655438
2011-04-20,28653.428836277275,6498.711911172688,32565.64817271917,28653.428836277275,28653.428836277275,-8948.680500644736,-8948.680500644736,-8948.680500644736,-1351.3264126804352,-1351.3264126804352,-1351.3264126804352,-7597.354087964301,-7597.354087964301,-7597.354087964301,0.0,0.0,0.0,19704.74833563254
2011-04-21,28661.38574780208,14663.503428719878,40396.61123059005,28661.38574780208,28661.38574780208,131.38619748552657,131.38619748552657,131.38619748552657,7440.110857830587,7440.110857830587,7440.110857830587,-7308.72466034506,-7308.72466034506,-7308.72466034506,0.0,0.0,0.0,28792.771945287608
2011-04-26,28701.170305426127,12983.59973645792,40460.936089542694,28701.170305426127,28701.170305426127,-1413.3055863952468,-1413.3055863952468,-1413.3055863952468,3275.0560697135115,3275.0560697135115,3275.0560697135115,-4688.361656108758,-4688.361656108758,-4688.361656108758,0.0,0.0,0.0,27287.86471903088
2011-04-27,28709.12721695094,9795.64182671646,36960.50976887253,28709.12721695094,28709.12721695094,-5356.68773917597,-5356.68773917597,-5356.68773917597,-1351.3264126343968,-1351.3264126343968,-1351.3264126343968,-4005.3613265415734,-4005.3613265415734,-4005.3613265415734,0.0,0.0,0.0,23352.43947777497
2011-04-28,28717.084127097776,19354.79432035002,46799.4336999035,28717.084127097776,28717.084127097776,4139.132492109258,4139.132492109258,4139.132492109258,7440.110857840663,7440.110857840663,7440.110857840663,-3300.978365731405,-3300.978365731405,-3300.978365731405,0.0,0.0,0.0,32856.216619207036
2011-05-01,28740.95485753829,276.3231187996789,28199.324862171045,28740.95485753829,28740.95485753829,-15120.032684060414,-15120.032684060414,-15120.032684060414,-13912.727508999807,-13912.727508999807,-13912.727508999807,-1207.305175060607,-1207.305175060607,-1207.305175060607,0.0,0.0,0.0,13620.922173477877
2011-05-03,28756.868677831964,17978.192968702395,45671.49341376577,28756.868677831964,28756.868677831964,3307.1691140622243,3307.1691140622243,3307.1691140622243,3275.056069730318,3275.056069730318,3275.056069730318,32.11304433190638,32.11304433190638,32.11304433190638,0.0,0.0,0.0,32064.03779189419
2011-05-04,28764.825587978805,16251.803030881116,41255.28562127857,28764.825587978805,28764.825587978805,-783.1302366888398,-783.1302366888398,-783.1302366888398,-1351.3264127025059,-1351.3264127025059,-1351.3264127025059,568.1961760136661,568.1961760136661,568.1961760136661,0.0,0.0,0.0,27981.695351289964
2011-05-05,28772.78249812564,24216.674591693725,49930.100411873405,28772.78249812564,28772.78249812564,8475.851434126835,8475.851434126835,8475.851434126835,7440.110857850739,7440.110857850739,7440.110857850739,1035.740576276094,1035.740576276094,1035.740576276094,0.0,0.0,0.0,37248.63393225247
2011-05-06,28780.73940827248,13987.704132651654,42366.87734445185,28780.73940827248,28780.73940827248,-1674.1694057805228,-1674.1694057805228,-1674.1694057805228,-3101.7056481397676,-3101.7056481397676,-3101.7056481397676,1427.5362423592446,1427.5362423592446,1427.5362423592446,0.0,0.0,0.0,27106.570002491957
2011-05-08,28796.65322856616,3737.9634334299158,30210.412288424184,28796.65322856616,28796.65322856616,-11947.086298989614,-11947.086298989614,-11947.086298989614,-13912.727509022807,-13912.727509022807,-13912.727509022807,1965.6412100331943,1965.6412100331943,1965.6412100331943,0.0,0.0,0.0,16849.566929576547
2011-05-09,28804.610138712997,16452.49500814959,41904.849206896135,28804.610138712997,28804.610138712997,442.0639526276648,442.0639526276648,442.0639526276648,-1666.283583172743,-1666.283583172743,-1666.283583172743,2108.347535800408,2108.347535800408,2108.347535800408,0.0,0.0,0.0,29246.67409134066
2011-05-10,28812.567048859833,20565.504095658394,47757.82422506354,28812.567048859833,28812.567048859833,5443.15379242985,5443.15379242985,5443.15379242985,3275.056069687536,3275.056069687536,3275.056069687536,2168.097722742314,2168.097722742314,2168.097722742314,0.0,0.0,0.0,34255.72084128969
2011-05-11,28820.523958837293,16381.053020038347,42819.46337375817,28820.523958837293,28820.523958837293,797.1698289939724,797.1698289939724,797.1698289939724,-1351.326412664274,-1351.326412664274,-1351.326412664274,2148.4962416582457,2148.4962416582457,2148.4962416582457,0.0,0.0,0.0,29617.693787831267
2011-05-12,28828.48086881475,25083.540099943857,51366.73255172191,28828.48086881475,28828.48086881475,9495.208322833305,9495.208322833305,9495.208322833305,7440.110857860814,7440.110857860814,7440.110857860814,2055.0974649724926,2055.0974649724926,2055.0974649724926,0.0,0.0,0.0,38323.68919164805
2011-05-13,28836.437778792213,13430.811120175864,40456.80579421039,28836.437778792213,28836.437778792213,-1206.5025657609665,-1206.5025657609665,-1206.5025657609665,-3101.705648133526,-3101.705648133526,-3101.705648133526,1895.2030823725588,1895.2030823725588,1895.2030823725588,0.0,0.0,0.0,27629.935213031247
2011-05-15,28852.35159874713,3268.5291078330174,29382.531410673917,28852.35159874713,28852.35159874713,-12500.384725597925,-12500.384725597925,-12500.384725597925,-13912.727508979708,-13912.727508979708,-13912.727508979708,1412.3427833817807,1412.3427833817807,1412.3427833817807,0.0,0.0,0.0,16351.966873149204
2011-05-16,28860.30850872459,14526.741911828152,40839.025230459185,28860.30850872459,28860.30850872459,-555.9831728758083,-555.9831728758083,-555.9831728758083,-1666.283583178684,-1666.283583178684,-1666.283583178684,1110.3004103028757,1110.3004103028757,1110.3004103028757,0.0,0.0,0.0,28304.325335848782
2011-05-17,28868.265418702045,19011.13169782358,46217.21799636627,28868.265418702045,28868.265418702045,4058.014445686475,4058.014445686475,4058.014445686475,3275.056069763934,3275.056069763934,3275.056069763934,782.9583759225413,782.9583759225413,782.9583759225413,0.0,0.0,0.0,32926.27986438852
2011-05-18,28876.22232867951,15601.253075237259,40733.67948817113,28876.22232867951,28876.22232867951,-909.3219742124443,-909.3219742124443,-909.3219742124443,-1351.3264126182366,-1351.3264126182366,-1351.3264126182366,442.0044384057923,442.0044384057923,442.0044384057923,0.0,0.0,0.0,27966.900354467063
2011-05-19,28884.179238656965,22782.26393480984,49562.30112068604,28884.179238656965,28884.179238656965,7539.107856912315,7539.107856912315,7539.107856912315,7440.1108578608055,7440.1108578608055,7440.1108578608055,98.99699905150956,98.99699905150956,98.99699905150956,0.0,0.0,0.0,36423.28709556928
2011-05-20,28892.136148492034,12760.349397829836,39072.274958212234,28892.136148492034,28892.136148492034,-3336.675955417583,-3336.675955417583,-3336.675955417583,-3101.705648134511,-3101.705648134511,-3101.705648134511,-234.97030728307158,-234.97030728307158,-234.97030728307158,0.0,0.0,0.0,25555.46019307445
2011-05-22,28908.049968162173,163.79673178263573,26803.61481369105,28908.049968162173,28908.049968162173,-14748.328905663146,-14748.328905663146,-14748.328905663146,-13912.727509012784,-13912.727509012784,-13912.727509012784,-835.6013966503626,-835.6013966503626,-835.6013966503626,0.0,0.0,0.0,14159.721062499028
2011-05-23,28916.00687799724,12062.861098512738,38981.79822285941,28916.00687799724,28916.00687799724,-2751.3800743158804,-2751.3800743158804,-2751.3800743158804,-1666.2835832022438,-1666.2835832022438,-1666.2835832022438,-1085.0964911136368,-1085.0964911136368,-1085.0964911136368,0.0,0.0,0.0,26164.62680368136
2011-05-24,28923.96378783231,18117.179890079493,44090.734793097465,28923.96378783231,28923.96378783231,1983.381407912884,1983.381407912884,1983.381407912884,3275.056069712223,3275.056069712223,3275.056069712223,-1291.674661799338,-1291.674661799338,-1291.674661799338,0.0,0.0,0.0,30907.34519574519
2011-05-25,28931.920697667378,12837.986053294213,39691.37637369845,28931.920697667378,28931.920697667378,-2801.9569585313843,-2801.9569585313843,-2801.9569585313843,-1351.3264126331756,-1351.3264126331756,-1351.3264126331756,-1450.6305458982088,-1450.6305458982088,-1450.6305458982088,0.0,0.0,0.0,26129.963739135994
2011-05-26,28939.877607502447,21338.042417752986,48108.21454880907,28939.877607502447,28939.877607502447,5881.053510002762,5881.053510002762,5881.053510002762,7440.110857870882,7440.110857870882,7440.110857870882,-1559.0573478681192,-1559.0573478681192,-1559.0573478681192,0.0,0.0,0.0,34820.931117505206
2011-05-27,28947.834517337516,10704.583723650538,37695.456237011706,28947.834517337516,28947.834517337516,-4717.606819949877,-4717.606819949877,-4717.606819949877,-3101.7056481354966,-3101.7056481354966,-3101.7056481354966,-1615.9011718143804,-1615.9011718143804,-1615.9011718143804,0.0,0.0,0.0,24230.22769738764
2011-05-29,28963.748337007662,-793.5296061126232,26796.626953883257,28963.748337007662,28963.748337007662,-15492.557133440623,-15492.557133440623,-15492.557133440623,-13912.727509035785,-13912.727509035785,-13912.727509035785,-1579.8296244048356,-1579.8296244048356,-1579.8296244048356,0.0,0.0,0.0,13471.19120356704
2011-05-31,28979.662156677794,17329.36423664127,43285.11855511804,28979.662156677794,28979.662156677794,1905.3809182939174,1905.3809182939174,1905.3809182939174,3275.05606972903,3275.05606972903,3275.05606972903,-1369.6751514351122,-1369.6751514351122,-1369.6751514351122,0.0,0.0,0.0,30885.043074971712
2011-06-01,28987.61906744924,13425.492150437836,40436.36563531985,28987.61906744924,28987.61906744924,-2565.9549977041106,-2565.9549977041106,-2565.9549977041106,-1351.3264125949431,-1351.3264125949431,-1351.3264125949431,-1214.6285851091677,-1214.6285851091677,-1214.6285851091677,0.0,0.0,0.0,26421.66406974513
2011-06-02,28995.575978220684,23183.610878183306,49001.93977003825,28995.575978220684,28995.575978220684,6403.19599278161,6403.19599278161,6403.19599278161,7440.11085784474,7440.11085784474,7440.11085784474,-1036.9148650631296,-1036.9148650631296,-1036.9148650631296,0.0,0.0,0.0,35398.771971002294
2011-06-03,29003.532888992122,11726.929841931666,39013.843343136316,29003.532888992122,29003.532888992122,-3947.3389115622444,-3947.3389115622444,-3947.3389115622444,-3101.7056481413492,-3101.7056481413492,-3101.7056481413492,-845.6332634208951,-845.6332634208951,-845.6332634208951,0.0,0.0,0.0,25056.193977429877
2011-06-05,29019.44671053501,57.81765386429328,28374.828616250325,29019.44671053501,29019.44671053501,-14373.966968136667,-14373.966968136667,-14373.966968136667,-13912.72750898261,-13912.72750898261,-13912.72750898261,-461.23945915405443,-461.23945915405443,-461.23945915405443,0.0,0.0,0.0,14645.479742398342
2011-06-06,29027.40362130645,13342.687983863296,40630.7691266959,29027.40362130645,29027.40362130645,-1954.1897183698875,-1954.1897183698875,-1954.1897183698875,-1666.2835831599202,-1666.2835831599202,-1666.2835831599202,-287.906135209967,-287.906135209967,-287.906135209967,0.0,0.0,0.0,27073.213902936564
2011-06-07,29035.36053207789,18781.59601866687,46635.489748126354,29035.36053207789,29035.36053207789,3135.0907630780857,3135.0907630780857,3135.0907630780857,3275.0560697458363,3275.0560697458363,3275.0560697458363,-139.9653066677507,-139.9653066677507,-139.9653066677507,0.0,0.0,0.0,32170.451295155977
2011-06-08,29043.317442849337,14610.464668764333,41607.36228142807,29043.317442849337,29043.317442849337,-1377.6480104152363,-1377.6480104152363,-1377.6480104152363,-1351.326412663052,-1351.326412663052,-1351.326412663052,-26.321597752184278,-26.321597752184278,-26.321597752184278,0.0,0.0,0.0,27665.6694324341
2011-06-09,29051.27435362078,23285.099115714736,49831.78745124161,29051.27435362078,29051.27435362078,7485.115947742812,7485.115947742812,7485.115947742812,7440.110857885992,7440.110857885992,7440.110857885992,45.00508985682139,45.00508985682139,45.00508985682139,0.0,0.0,0.0,36536.39030136359
2011-06-10,29059.23126439222,11731.411740089628,39212.540880448294,29059.23126439222,29059.23126439222,-3034.592686993965,-3034.592686993965,-3034.592686993965,-3101.7056481302407,-3101.7056481302407,-3101.7056481302407,67.11296113627607,67.11296113627607,67.11296113627607,0.0,0.0,0.0,26024.638577398255
2011-06-12,29075.145086423017,1353.6192962530206,28116.963228292618,29075.145086423017,29075.145086423017,-13969.91896118058,-13969.91896118058,-13969.91896118058,-13912.727509015689,-13912.727509015689,-13912.727509015689,-57.19145216489255,-57.19145216489255,-57.19145216489255,0.0,0.0,0.0,15105.226125242438
2011-06-13,29083.101997438414,13498.856830705048,40409.84339440176,29083.101997438414,29083.101997438414,-1876.5138970961991,-1876.5138970961991,-1876.5138970961991,-1666.2835831116556,-1666.2835831116556,-1666.2835831116556,-210.23031398454333,-210.23031398454333,-210.23031398454333,0.0,0.0,0.0,27206.588100342215
2011-06-14,29091.058908453815,18364.46125094808,45706.82256558118,29091.058908453815,29091.058908453815,2849.4996335131686,2849.4996335131686,2849.4996335131686,3275.0560697537157,3275.0560697537157,3275.0560697537157,-425.5564362405469,-425.5564362405469,-425.5564362405469,0.0,0.0,0.0,31940.558541966984
2011-06-15,29099.015819469212,13038.788910285388,39646.43677961771,29099.015819469212,29099.015819469212,-2053.6706145803305,-2053.6706145803305,-2053.6706145803305,-1351.3264126623776,-1351.3264126623776,-1351.3264126623776,-702.3442019179529,-702.3442019179529,-702.3442019179529,0.0,0.0,0.0,27045.345204888883
2011-06-16,29106.972730484613,21172.403989057915,48817.11813787395,29106.972730484613,29106.972730484613,6402.000233597814,6402.000233597814,6402.000233597814,7440.110857859849,7440.110857859849,7440.110857859849,-1038.110624262034,-1038.110624262034,-1038.110624262034,0.0,0.0,0.0,35508.97296408243
2011-06-17,29114.92964150001,12051.712094224582,37538.32113015797,29114.92964150001,29114.92964150001,-4530.491763040268,-4530.491763040268,-4530.491763040268,-3101.705648131227,-3101.705648131227,-3101.705648131227,-1428.7861149090413,-1428.7861149090413,-1428.7861149090413,0.0,0.0,0.0,24584.437878459743
2011-06-19,29130.843463530808,-269.80131785865683,27194.95154842628,29130.843463530808,29130.843463530808,-16264.100027140725,-16264.100027140725,-16264.100027140725,-13912.727508962511,-13912.727508962511,-13912.727508962511,-2351.372518178214,-2351.372518178214,-2351.372518178214,0.0,0.0,0.0,12866.743436390083
2011-06-20,29138.80037454621,11985.26643277754,38549.591048318674,29138.80037454621,29138.80037454621,-4534.704548366042,-4534.704548366042,-4534.704548366042,-1666.2835831894217,-1666.2835831894217,-1666.2835831894217,-2868.42096517662,-2868.42096517662,-2868.42096517662,0.0,0.0,0.0,24604.095826180164
2011-06-21,29146.757285561613,15319.257058430443,42464.24255796841,29146.757285561613,29146.757285561613,-135.99679135343243,-135.99679135343243,-135.99679135343243,3275.0560697109336,3275.0560697109336,3275.0560697109336,-3411.0528610643664,-3411.0528610643664,-3411.0528610643664,0.0,0.0,0.0,29010.76049420818
2011-06-22,29154.714195144552,10797.703601402498,37972.93300610532,29154.714195144552,29154.714195144552,-5320.987167631257,-5320.987167631257,-5320.987167631257,-1351.3264126773158,-1351.3264126773158,-1351.3264126773158,-3969.660754953941,-3969.660754953941,-3969.660754953941,0.0,0.0,0.0,23833.727027513294
2011-06-23,29162.671104727495,17963.95461927428,45458.827345290614,29162.671104727495,29162.671104727495,2905.9119624302275,2905.9119624302275,2905.9119624302275,7440.110857833706,7440.110857833706,7440.110857833706,-4534.198895403479,-4534.198895403479,-4534.198895403479,0.0,0.0,0.0,32068.58306715772
2011-06-24,29170.628014310438,7392.443532997104,33472.28890080144,29170.628014310438,29170.628014310438,-8196.144364854454,-8196.144364854454,-8196.144364854454,-3101.7056481201203,-3101.7056481201203,-3101.7056481201203,-5094.438716734334,-5094.438716734334,-5094.438716734334,0.0,0.0,0.0,20974.483649455986
2011-06-26,29186.541833476316,-4300.167863299391,22523.364272063252,29186.541833476316,29186.541833476316,-20074.444686235365,-20074.444686235365,-20074.444686235365,-13912.72750899559,-13912.72750899559,-13912.72750899559,-6161.717177239777,-6161.717177239777,-6161.717177239777,0.0,0.0,0.0,9112.097147240951
2011-06-27,29194.498743059263,7198.528414673165,34564.545502110705,29194.498743059263,29194.498743059263,-8315.917918292702,-8315.917918292702,-8315.917918292702,-1666.2835831411562,-1666.2835831411562,-1666.2835831411562,-6649.634335151545,-6649.634335151545,-6649.634335151545,0.0,0.0,0.0,20878.580824766563
2011-06-28,29202.455652642206,11727.147482026745,38997.99639712302,29202.455652642206,29202.455652642206,-3820.399639495911,-3820.399639495911,-3820.399639495911,3275.0560697277406,3275.0560697277406,3275.0560697277406,-7095.455709223652,-7095.455709223652,-7095.455709223652,0.0,0.0,0.0,25382.056013146295
2011-06-29,29210.41256222515,7647.3239762000185,33783.391876405905,29210.41256222515,29210.41256222515,-8842.93984082775,-8842.93984082775,-8842.93984082775,-1351.3264126390843,-1351.3264126390843,-1351.3264126390843,-7491.613428188668,-7491.613428188668,-7491.613428188668,0.0,0.0,0.0,20367.472721397397
2011-06-30,29218.369471808084,15746.031174479578,42178.38756098906,29218.369471808084,29218.369471808084,-391.5369560641937,-391.5369560641937,-391.5369560641937,7440.110857874958,7440.110857874958,7440.110857874958,-7831.647813939152,-7831.647813939152,-7831.647813939152,0.0,0.0,0.0,28826.832515743892
2011-07-01,29226.326383882053,3134.55279338466,30596.1187283743,29226.326383882053,29226.326383882053,-11212.035889724448,-11212.035889724448,-11212.035889724448,-3101.705648138066,-3101.705648138066,-3101.705648138066,-8110.330241586382,-8110.330241586382,-8110.330241586382,0.0,0.0,0.0,18014.290494157605
2011-07-03,29242.24020802998,-5056.182325112681,20070.9408024352,29242.24020802998,29242.24020802998,-22382.091733846628,-22382.091733846628,-22382.091733846628,-13912.727508990576,-13912.727508990576,-13912.727508990576,-8469.364224856052,-8469.364224856052,-8469.364224856052,0.0,0.0,0.0,6860.148474183352
2011-07-04,29250.197120103945,5629.803195135812,32778.73354837539,29250.197120103945,29250.197120103945,-10212.29367895394,-10212.29367895394,-10212.29367895394,-1666.283583092891,-1666.283583092891,-1666.283583092891,-8546.01009586105,-8546.01009586105,-8546.01009586105,0.0,0.0,0.0,19037.903441150003
2011-07-05,29258.154032177907,9946.341838891227,37272.636560743165,29258.154032177907,29258.154032177907,-5278.825576077509,-5278.825576077509,-5278.825576077509,3275.056069684958,3275.056069684958,3275.056069684958,-8553.881645762467,-8553.881645762467,-8553.881645762467,0.0,0.0,0.0,23979.328456100397
2011-07-06,29266.110944251872,6124.378381241845,34002.491830463034,29266.110944251872,29266.110944251872,-9845.79843225657,-9845.79843225657,-9845.79843225657,-1351.3264126462166,-1351.3264126462166,-1351.3264126462166,-8494.472019610354,-8494.472019610354,-8494.472019610354,0.0,0.0,0.0,19420.312511995304
2011-07-07,29274.067856325833,14328.572502503426,40862.290136316646,29274.067856325833,29274.067856325833,-930.374159982725,-930.374159982725,-930.374159982725,7440.110857848816,7440.110857848816,7440.110857848816,-8370.485017831541,-8370.485017831541,-8370.485017831541,0.0,0.0,0.0,28343.693696343107
2011-07-08,29282.024768399802,4823.72440768354,31112.999442226435,29282.024768399802,29282.024768399802,-11287.425209007804,-11287.425209007804,-11287.425209007804,-3101.705648126958,-3101.705648126958,-3101.705648126958,-8185.719560880846,-8185.719560880846,-8185.719560880846,0.0,0.0,0.0,17994.599559391998
2011-07-10,29297.93859254773,-7327.53321008623,21420.875382422997,29297.93859254773,29297.93859254773,-21566.406658522705,-21566.406658522705,-21566.406658522705,-13912.727509023654,-13912.727509023654,-13912.727509023654,-7653.679149499051,-7653.679149499051,-7653.679149499051,0.0,0.0,0.0,7731.531934025024
2011-07-11,29305.895504621694,7076.269495857323,33883.01266779991,29305.895504621694,29305.895504621694,-8984.437675254934,-8984.437675254934,-8984.437675254934,-1666.2835831706584,-1666.2835831706584,-1666.2835831706584,-7318.154092084275,-7318.154092084275,-7318.154092084275,0.0,0.0,0.0,20321.45782936676
2011-07-12,29313.852416944843,12467.930255431653,38168.780161735776,29313.852416944843,29313.852416944843,-3669.9532064501022,-3669.9532064501022,-3669.9532064501022,3275.0560697524265,3275.0560697524265,3275.0560697524265,-6945.00927620253,-6945.00927620253,-6945.00927620253,0.0,0.0,0.0,25643.89921049474
2011-07-13,29321.80932926799,7509.12912118058,33164.56412352975,29321.80932926799,29321.80932926799,-7892.509904574944,-7892.509904574944,-7892.509904574944,-1351.3264126611557,-1351.3264126611557,-1351.3264126611557,-6541.183491913789,-6541.183491913789,-6541.183491913789,0.0,0.0,0.0,21429.299424693047
2011-07-14,29329.76624159114,17396.93193799994,44297.833888922774,29329.76624159114,29329.76624159114,1326.3794444974833,1326.3794444974833,1326.3794444974833,7440.110857858891,7440.110857858891,7440.110857858891,-6113.731413361407,-6113.731413361407,-6113.731413361407,0.0,0.0,0.0,30656.145686088625
2011-07-15,29337.72315391429,7571.135231307858,34911.40792900872,29337.72315391429,29337.72315391429,-8771.36850067566,-8771.36850067566,-8771.36850067566,-3101.705648115848,-3101.705648115848,-3101.705648115848,-5669.662852559813,-5669.662852559813,-5669.662852559813,0.0,0.0,0.0,20566.354653238628
2011-07-17,29353.636978560593,-1837.6071407767406,23290.261480425652,29353.636978560593,29353.636978560593,-18671.35453290033,-18671.35453290033,-18671.35453290033,-13912.727509008566,-13912.727509008566,-13912.727509008566,-4758.627023891762,-4758.627023891762,-4758.627023891762,0.0,0.0,0.0,10682.282445660265
2011-07-18,29361.59389088374,9891.06628825717,36227.27200459659,29361.59389088374,29361.59389088374,-5970.506639897426,-5970.506639897426,-5970.506639897426,-1666.283583122393,-1666.283583122393,-1666.283583122393,-4304.223056775033,-4304.223056775033,-4304.223056775033,0.0,0.0,0.0,23391.087250986315
2011-07-19,29369.55080320689,16440.01190235903,41677.04639678502,29369.55080320689,29369.55080320689,-583.077816838138,-583.077816838138,-583.077816838138,3275.056069760306,3275.056069760306,3275.056069760306,-3858.1338865984435,-3858.1338865984435,-3858.1338865984435,0.0,0.0,0.0,28786.472986368753
2011-07-20,29377.50771553004,12161.719611442768,38208.99433210086,29377.50771553004,29377.50771553004,-4776.656761139418,-4776.656761139418,-4776.656761139418,-1351.326412676094,-1351.326412676094,-1351.326412676094,-3425.3303484633243,-3425.3303484633243,-3425.3303484633243,0.0,0.0,0.0,24600.85095439062
2011-07-21,29385.464627853184,20560.398573652725,46858.208226200324,29385.464627853184,29385.464627853184,4429.945217471442,4429.945217471442,4429.945217471442,7440.110857832749,7440.110857832749,7440.110857832749,-3010.1656403613065,-3010.1656403613065,-3010.1656403613065,0.0,0.0,0.0,33815.409845324626
2011-07-22,29393.421540939802,10740.16300490059,36287.58503785908,29393.421540939802,29393.421540939802,-5718.065970076201,-5718.065970076201,-5718.065970076201,-3101.7056481337954,-3101.7056481337954,-3101.7056481337954,-2616.3603219424053,-2616.3603219424053,-2616.3603219424053,0.0,0.0,0.0,23675.3555708636
2011-07-24,29409.335367113028,540.9734521773267,27240.838920701375,29409.335367113028,29409.335367113028,-15817.336493125116,-15817.336493125116,-15817.336493125116,-13912.727509003555,-13912.727509003555,-13912.727509003555,-1904.608984121562,-1904.608984121562,-1904.608984121562,0.0,0.0,0.0,13591.998873987912
2011-07-25,29417.29228019965,12488.779658320973,38547.00216130007,29417.29228019965,29417.29228019965,-3257.3841162248605,-3257.3841162248605,-3257.3841162248605,-1666.2835831283348,-1666.2835831283348,-1666.2835831283348,-1591.1005330965256,-1591.1005330965256,-1591.1005330965256,0.0,0.0,0.0,26159.90816397479
2011-07-26,29425.249193286265,18760.42457191172,44845.0534619602,29425.249193286265,29425.249193286265,1967.128308499387,1967.128308499387,1967.128308499387,3275.0560697771134,3275.0560697771134,3275.0560697771134,-1307.9277612777266,-1307.9277612777266,-1307.9277612777266,0.0,0.0,0.0,31392.377501785653
2011-07-27,29433.206106372876,13289.067192271756,40909.92632177316,29433.206106372876,29433.206106372876,-2407.4302978085257,-2407.4302978085257,-2407.4302978085257,-1351.326412630056,-1351.326412630056,-1351.326412630056,-1056.1038851784697,-1056.1038851784697,-1056.1038851784697,0.0,0.0,0.0,27025.77580856435
2011-07-28,29441.163019459498,22779.034322020463,48886.15910796279,29441.163019459498,29441.163019459498,6603.826621145407,6603.826621145407,6603.826621145407,7440.110857837782,7440.110857837782,7440.110857837782,-836.2842366923746,-836.2842366923746,-836.2842366923746,0.0,0.0,0.0,36044.98964060491
2011-07-29,29449.11993254611,12102.510253974417,39927.174686948456,29449.11993254611,29449.11993254611,-3750.546038981819,-3750.546038981819,-3750.546038981819,-3101.7056481275545,-3101.7056481275545,-3101.7056481275545,-648.8403908542647,-648.8403908542647,-648.8403908542647,0.0,0.0,0.0,25698.57389356429
2011-07-31,29465.033758719343,2046.6900122789486,28659.959200458103,29465.033758719343,29465.033758719343,-14284.29785895956,-14284.29785895956,-14284.29785895956,-13912.727508998545,-13912.727508998545,-13912.727508998545,-371.57034996101845,-371.57034996101845,-371.57034996101845,0.0,0.0,0.0,15180.735899759782
2011-08-01,29472.990671805965,14851.940573904041,41318.12707051152,29472.990671805965,29472.990671805965,-1947.9602336053965,-1947.9602336053965,-1947.9602336053965,-1666.2835830800702,-1666.2835830800702,-1666.2835830800702,-281.6766505253268,-281.6766505253268,-281.6766505253268,0.0,0.0,0.0,27525.030438200567
2011-08-02,29480.94758696263,20336.45910676937,45614.61901099941,29480.94758696263,29480.94758696263,3050.9346879628824,3050.9346879628824,3050.9346879628824,3275.0560697254027,3275.0560697254027,3275.0560697254027,-224.12138176252037,-224.12138176252037,-224.12138176252037,0.0,0.0,0.0,32531.882274925512
2011-08-03,29488.904502119298,14256.738638916308,41513.75248425948,29488.904502119298,29488.904502119298,-1550.079587215967,-1550.079587215967,-1550.079587215967,-1351.3264126981644,-1351.3264126981644,-1351.3264126981644,-198.7531745178027,-198.7531745178027,-198.7531745178027,0.0,0.0,0.0,27938.82491490333
2011-08-04,29496.861417275966,22877.164462558132,50800.10002391568,29496.861417275966,29496.861417275966,7234.701639419702,7234.701639419702,7234.701639419702,7440.110857847859,7440.110857847859,7440.110857847859,-205.40921842815746,-205.40921842815746,-205.40921842815746,0.0,0.0,0.0,36731.56305669567
2011-08-05,29504.81833243263,13427.288293150377,39157.96383334322,29504.81833243263,29504.81833243263,-3345.614239822596,-3345.614239822596,-3345.614239822596,-3101.7056481406325,-3101.7056481406325,-3101.7056481406325,-243.90859168196363,-243.90859168196363,-243.90859168196363,0.0,0.0,0.0,26159.204092610034
2011-08-07,29520.73216274597,2203.712841375088,28719.949189771178,29520.73216274597,29520.73216274597,-14328.190269013505,-14328.190269013505,-14328.190269013505,-13912.727509021544,-13912.727509021544,-13912.727509021544,-415.46275999195854,-415.46275999195854,-415.46275999195854,0.0,0.0,0.0,15192.541893732467
2011-08-08,29528.689077902636,14028.54819442506,40394.79616153598,29528.689077902636,29528.689077902636,-2214.05252405342,-2214.05252405342,-2214.05252405342,-1666.2835831036293,-1666.2835831036293,-1666.2835831036293,-547.7689409497906,-547.7689409497906,-547.7689409497906,0.0,0.0,0.0,27314.636553849217
2011-08-09,29536.645993059305,19147.619384784193,44925.542174135226,29536.645993059305,29536.645993059305,2564.757287394894,2564.757287394894,2564.757287394894,3275.0560696826205,3275.0560696826205,3275.0560696826205,-710.2987822877265,-710.2987822877265,-710.2987822877265,0.0,0.0,0.0,32101.4032804542
2011-08-10,29544.60290821597,14434.498244082386,41044.67001635866,29544.60290821597,29544.60290821597,-2253.4492627875866,-2253.4492627875866,-2253.4492627875866,-1351.3264126599336,-1351.3264126599336,-1351.3264126599336,-902.1228501276527,-902.1228501276527,-902.1228501276527,0.0,0.0,0.0,27291.15364542838
2011-08-11,29552.5598231754,22443.46030947071,49330.20822175296,29552.5598231754,29552.5598231754,6318.162454119694,6318.162454119694,6318.162454119694,7440.110857857936,7440.110857857936,7440.110857857936,-1121.9484037382413,-1121.9484037382413,-1121.9484037382413,0.0,0.0,0.0,35870.72227729509
2011-08-12,29560.51673813483,12845.25269667194,39011.90931831031,29560.51673813483,29560.51673813483,-4469.741783882948,-4469.741783882948,-4469.741783882948,-3101.705648134393,-3101.705648134393,-3101.705648134393,-1368.036135748555,-1368.036135748555,-1368.036135748555,0.0,0.0,0.0,25090.77495425188
2011-08-14,29576.430568053696,750.7724518170111,26747.08906875608,29576.430568053696,29576.430568053696,-15842.061603306884,-15842.061603306884,-15842.061603306884,-13912.727508978445,-13912.727508978445,-13912.727508978445,-1929.3340943284413,-1929.3340943284413,-1929.3340943284413,0.0,0.0,0.0,13734.368964746813
2011-08-15,29584.38748301313,12509.30994852246,38851.5852321584,29584.38748301313,29584.38748301313,-3904.4361070643695,-3904.4361070643695,-3904.4361070643695,-1666.2835831813954,-1666.2835831813954,-1666.2835831813954,-2238.1525238829736,-2238.1525238829736,-2238.1525238829736,0.0,0.0,0.0,25679.951375948764
2011-08-16,29592.34439797256,16790.984968076584,41655.37732171183,29592.34439797256,29592.34439797256,714.7121759764889,714.7121759764889,714.7121759764889,3275.0560697590167,3275.0560697590167,3275.0560697590167,-2560.343893782528,-2560.343893782528,-2560.343893782528,0.0,0.0,0.0,30307.05657394905
2011-08-17,29600.30131293199,11884.770018957623,38793.304199291444,29600.30131293199,29600.30131293199,-4242.273144682304,-4242.273144682304,-4242.273144682304,-1351.3264126748702,-1351.3264126748702,-1351.3264126748702,-2890.946732007434,-2890.946732007434,-2890.946732007434,0.0,0.0,0.0,25358.028168249686
2011-08-18,29608.258227891427,20130.05607629558,47449.19167901312,29608.258227891427,29608.258227891427,4215.843314039291,4215.843314039291,4215.843314039291,7440.110857826749,7440.110857826749,7440.110857826749,-3224.2675437874586,-3224.2675437874586,-3224.2675437874586,0.0,0.0,0.0,33824.101541930715
2011-08-19,29616.215142850855,9565.135472364798,36477.25309249997,29616.215142850855,29616.215142850855,-6655.610170420976,-6655.610170420976,-6655.610170420976,-3101.705648135377,-3101.705648135377,-3101.705648135377,-3553.904522285599,-3553.904522285599,-3553.904522285599,0.0,0.0,0.0,22960.60497242988
2011-08-21,29632.128972769722,-1761.7832236311822,25279.786720129796,29632.128972769722,29632.128972769722,-18086.039764008234,-18086.039764008234,-18086.039764008234,-13912.727509011522,-13912.727509011522,-13912.727509011522,-4173.312254996712,-4173.312254996712,-4173.312254996712,0.0,0.0,0.0,11546.089208761488
2011-08-22,29640.085889303653,10503.959684259447,36370.58052396066,29640.085889303653,29640.085889303653,-6113.620604049987,-6113.620604049987,-6113.620604049987,-1666.2835831873392,-1666.2835831873392,-1666.2835831873392,-4447.337020862648,-4447.337020862648,-4447.337020862648,0.0,0.0,0.0,23526.465285253667
2011-08-23,29648.042805837584,14445.026013733028,41006.26745470709,29648.042805837584,29648.042805837584,-1411.370549872106,-1411.370549872106,-1411.370549872106,3275.056069707307,3275.056069707307,3275.056069707307,-4686.4266195794125,-4686.4266195794125,-4686.4266195794125,0.0,0.0,0.0,28236.672255965477
2011-08-24,29655.999722371507,10142.987506767005,37227.50558570489,29655.999722371507,29655.999722371507,-6233.281816953201,-6233.281816953201,-6233.281816953201,-1351.3264126288332,-1351.3264126288332,-1351.3264126288332,-4881.955404324368,-4881.955404324368,-4881.955404324368,0.0,0.0,0.0,23422.717905418307
2011-08-25,29663.95663890544,18152.63524271947,44903.22650088191,29663.95663890544,29663.95663890544,2414.813053112129,2414.813053112129,2414.813053112129,7440.110857873043,7440.110857873043,7440.110857873043,-5025.297804760914,-5025.297804760914,-5025.297804760914,0.0,0.0,0.0,32078.76969201757
2011-08-26,29671.913555439372,7691.827555486577,35510.40868410431,29671.913555439372,29671.913555439372,-8209.73072076994,-8209.73072076994,-8209.73072076994,-3101.7056481363625,-3101.7056481363625,-3101.7056481363625,-5108.025072633576,-5108.025072633576,-5108.025072633576,0.0,0.0,0.0,21462.18283466943
2011-08-28,29687.827388507227,-2191.441432774709,24271.01451545702,29687.827388507227,29687.827388507227,-18972.892286506478,-18972.892286506478,-18972.892286506478,-13912.727509006509,-13912.727509006509,-13912.727509006509,-5060.164777499967,-5060.164777499967,-5060.164777499967,0.0,0.0,0.0,10714.935102000749
2011-08-30,29703.741221575085,14765.609468179293,41834.21998240275,29703.741221575085,29703.741221575085,-1407.8921284567707,-1407.8921284567707,-1407.8921284567707,3275.0560697241135,3275.0560697241135,3275.0560697241135,-4682.948198180885,-4682.948198180885,-4682.948198180885,0.0,0.0,0.0,28295.849093118315
2011-08-31,29711.698138109015,10963.528079034822,37008.76829838906,29711.698138109015,29711.698138109015,-5709.229617333155,-5709.229617333155,-5709.229617333155,-1351.3264125906019,-1351.3264125906019,-1351.3264125906019,-4357.903204742553,-4357.903204742553,-4357.903204742553,0.0,0.0,0.0,24002.46852077586
2011-09-01,29719.655054642943,20240.45466120235,46405.42506789195,29719.655054642943,29719.655054642943,3502.469002284082,3502.469002284082,3502.469002284082,7440.110857841859,7440.110857841859,7440.110857841859,-3937.6418555577775,-3937.6418555577775,-3937.6418555577775,0.0,0.0,0.0,33222.12405692702
2011-09-02,29727.61197165671,9407.185611405775,38084.86013758607,29727.61197165671,29727.61197165671,-6522.615877605208,-6522.615877605208,-6522.615877605208,-3101.70564813735,-3101.70564813735,-3101.70564813735,-3420.9102294678573,-3420.9102294678573,-3420.9102294678573,0.0,0.0,0.0,23204.9960940515
2011-09-04,29743.525805684243,1625.2094454979538,27521.008019110617,29743.525805684243,29743.525805684243,-16014.371938861528,-16014.371938861528,-16014.371938861528,-13912.727509029513,-13912.727509029513,-13912.727509029513,-2101.644429832015,-2101.644429832015,-2101.644429832015,0.0,0.0,0.0,13729.153866822715
2011-09-05,29751.482722698016,12724.160698651402,40656.20345088282,29751.482722698016,29751.482722698016,-2971.734672291338,-2971.734672291338,-2971.734672291338,-1666.2835831626323,-1666.2835831626323,-1666.2835831626323,-1305.4510891287057,-1305.4510891287057,-1305.4510891287057,0.0,0.0,0.0,26779.748050406677
2011-09-06,29759.43963971178,19516.10893000203,45252.43118900652,29759.43963971178,29759.43963971178,2849.5340199530406,2849.5340199530406,2849.5340199530406,3275.0560697409214,3275.0560697409214,3275.0560697409214,-425.52204978788075,-425.52204978788075,-425.52204978788075,0.0,0.0,0.0,32608.97365966482
2011-09-07,29767.396556725555,15672.205504838712,42452.31412494064,29767.396556725555,29767.396556725555,-820.9318565087092,-820.9318565087092,-820.9318565087092,-1351.3264126587098,-1351.3264126587098,-1351.3264126587098,530.3945561500008,530.3945561500008,530.3945561500008,0.0,0.0,0.0,28946.464700216846
2011-09-08,29775.35347373932,25314.345606714054,51902.123297628066,29775.35347373932,29775.35347373932,8992.940942320449,8992.940942320449,8992.940942320449,7440.110857883111,7440.110857883111,7440.110857883111,1552.830084437338,1552.830084437338,1552.830084437338,0.0,0.0,0.0,38768.29441605977
2011-09-09,29783.310390753086,16033.881375404453,42502.49550294861,29783.310390753086,29783.310390753086,-470.97724776094464,-470.97724776094464,-470.97724776094464,-3101.7056481311065,-3101.7056481311065,-3101.7056481311065,2630.728400370162,2630.728400370162,2630.728400370162,0.0,0.0,0.0,29312.33314299214
2011-09-11,29799.22422478062,8252.809760859916,33771.73088585235,29799.22422478062,29799.22422478062,-9010.871883595511,-9010.871883595511,-9010.871883595511,-13912.727508976335,-13912.727508976335,-13912.727508976335,4901.855625380826,4901.855625380826,4901.855625380826,0.0,0.0,0.0,20788.35234118511
2011-09-12,29807.181141794394,21131.14146462383,46855.394950429225,29807.181141794394,29807.181141794394,4400.547019201014,4400.547019201014,4400.547019201014,-1666.2835831143677,-1666.2835831143677,-1666.2835831143677,6066.830602315382,6066.830602315382,6066.830602315382,0.0,0.0,0.0,34207.72816099541
2011-09-13,29815.13805880816,27257.59638165314,53575.02042530004,29815.13805880816,29815.13805880816,10506.357831668518,10506.357831668518,10506.357831668518,3275.056069757729,3275.056069757729,3275.056069757729,7231.301761910789,7231.301761910789,7231.301761910789,0.0,0.0,0.0,40321.495890476675
2011-09-14,29823.09497582193,22960.371578501938,49562.83229280317,29823.09497582193,29823.09497582193,7028.356598700648,7028.356598700648,7028.356598700648,-1351.3264126126726,-1351.3264126126726,-1351.3264126126726,8379.68301131332,8379.68301131332,8379.68301131332,0.0,0.0,0.0,36851.45157452258
2011-09-15,29831.051892835694,34070.82815923295,60406.35483254291,29831.051892835694,29831.051892835694,16936.487404157586,16936.487404157586,16936.487404157586,7440.110857856967,7440.110857856967,7440.110857856967,9496.376546300618,9496.376546300618,9496.376546300618,0.0,0.0,0.0,46767.53929699328
2011-09-16,29839.00880984946,23579.15281552165,51579.24220696924,29839.00880984946,29839.00880984946,7464.404465769811,7464.404465769811,7464.404465769811,-3101.705648132093,-3101.705648132093,-3101.705648132093,10566.110113901905,10566.110113901905,10566.110113901905,0.0,0.0,0.0,37303.41327561927
2011-09-18,29854.922643877,15073.02513853772,42048.98334386064,29854.922643877,29854.922643877,-1405.4728865247364,-1405.4728865247364,-1405.4728865247364,-13912.727508971324,-13912.727508971324,-13912.727508971324,12507.254622446588,12507.254622446588,12507.254622446588,0.0,0.0,0.0,28449.44975735226
2011-09-19,29862.879560890768,28361.603705758782,54275.56932036902,29862.879560890768,29862.879560890768,11686.455296507089,11686.455296507089,11686.455296507089,-1666.2835831921345,-1666.2835831921345,-1666.2835831921345,13352.738879699222,13352.738879699222,13352.738879699222,0.0,0.0,0.0,41549.33485739786
2011-09-20,29870.836477904533,34256.5444804104,60106.205116306584,29870.836477904533,29870.836477904533,17375.065252115644,17375.065252115644,17375.065252115644,3275.0560697060164,3275.0560697060164,3275.0560697060164,14100.009182409625,14100.009182409625,14100.009182409625,0.0,0.0,0.0,47245.90173002018
2011-09-21,29878.793394918306,29407.06593505628,57172.33328257432,29878.793394918306,29878.793394918306,13388.866327086977,13388.866327086977,13388.866327086977,-1351.326412627611,-1351.326412627611,-1351.326412627611,14740.192739714588,14740.192739714588,14740.192739714588,0.0,0.0,0.0,43267.65972200528
2011-09-22,29886.75031193207,39108.55104210435,66386.023827393,29886.75031193207,29886.75031193207,22706.585795397375,22706.585795397375,22706.585795397375,7440.110857867043,7440.110857867043,7440.110857867043,15266.474937530333,15266.474937530333,15266.474937530333,0.0,0.0,0.0,52593.33610732945
2011-09-23,29894.707228945837,29347.852630888287,54894.636890029404,29894.707228945837,29894.707228945837,12572.559229476228,12572.559229476228,12572.559229476228,-3101.7056481209843,-3101.7056481209843,-3101.7056481209843,15674.264877597212,15674.264877597212,15674.264877597212,0.0,0.0,0.0,42467.26645842206
2011-09-25,29910.621062973372,19031.293747535037,44974.57917116791,29910.621062973372,29910.621062973372,2215.0203371532616,2215.0203371532616,2215.0203371532616,-13912.727508956235,-13912.727508956235,-13912.727508956235,16127.7478461095,16127.7478461095,16127.7478461095,0.0,0.0,0.0,32125.641400126635
2011-09-26,29918.577979987145,31100.724762813952,58136.94089236964,29918.577979987145,29918.577979987145,14509.833797575384,14509.833797575384,14509.833797575384,-1666.2835831438679,-1666.2835831438679,-1666.2835831438679,16176.11738071925,16176.11738071925,16176.11738071925,0.0,0.0,0.0,44428.41177756253
2011-09-27,29926.53489700091,36377.521784228746,61851.66016055231,29926.53489700091,29926.53489700091,19386.344142131707,19386.344142131707,19386.344142131707,3275.0560697228248,3275.0560697228248,3275.0560697228248,16111.28807240888,16111.28807240888,16111.28807240888,0.0,0.0,0.0,49312.87903913262
2011-09-28,29934.49181401468,31924.511479113327,58275.8480963509,29934.49181401468,29934.49181401468,14589.022346104164,14589.022346104164,14589.022346104164,-1351.3264126347428,-1351.3264126347428,-1351.3264126347428,15940.348758738908,15940.348758738908,15940.348758738908,0.0,0.0,0.0,44523.514160118844
2011-09-29,29942.448731028446,39839.92293703242,66877.6807035677,29942.448731028446,29942.448731028446,23112.545002151957,23112.545002151957,23112.545002151957,7440.11085787712,7440.11085787712,7440.11085787712,15672.43414427484,15672.43414427484,15672.43414427484,0.0,0.0,0.0,53054.9937331804
2011-09-30,29950.40564804222,29803.98306202752,55249.6129518307,29950.40564804222,29950.40564804222,12216.795572990753,12216.795572990753,12216.795572990753,-3101.7056481389304,-3101.7056481389304,-3101.7056481389304,15318.501221129683,15318.501221129683,15318.501221129683,0.0,0.0,0.0,42167.20122103297
2011-10-02,29966.31948206975,17811.47106373587,44257.62246161009,29966.31948206975,29966.31948206975,491.1376197130424,491.1376197130424,491.1376197130424,-13912.727508989314,-13912.727508989314,-13912.727508989314,14403.865128702357,14403.865128702357,14403.865128702357,0.0,0.0,0.0,30457.45710178279
2011-10-03,29974.27639908352,28906.524527830537,55094.50984013776,29974.27639908352,29974.27639908352,12205.293599157789,12205.293599157789,12205.293599157789,-1666.28358314981,-1666.28358314981,-1666.28358314981,13871.577182307601,13871.577182307601,13871.577182307601,0.0,0.0,0.0,42179.569998241306
2011-10-04,29982.233316097285,33350.37637405174,59962.03787393433,29982.233316097285,29982.233316097285,16584.45727297254,16584.45727297254,16584.45727297254,3275.0560696800426,3275.0560696800426,3275.0560696800426,13309.401203292498,13309.401203292498,13309.401203292498,0.0,0.0,0.0,46566.690589069825
2011-10-05,29990.190233111058,28124.947116015508,55172.42780713582,29990.190233111058,29990.190233111058,11381.387007129137,11381.387007129137,11381.387007129137,-1351.3264126418753,-1351.3264126418753,-1351.3264126418753,12732.713419771013,12732.713419771013,12732.713419771013,0.0,0.0,0.0,41371.57724024019
2011-10-06,29998.147150124823,36742.99706916388,63250.391998953215,29998.147150124823,29998.147150124823,19596.796212743167,19596.796212743167,19596.796212743167,7440.110857882153,7440.110857882153,7440.110857882153,12156.68535486101,12156.68535486101,12156.68535486101,0.0,0.0,0.0,49594.94336286799
2011-10-07,30006.104067138596,25588.299591279694,52308.36233154612,30006.104067138596,30006.104067138596,8494.210094927656,8494.210094927656,8494.210094927656,-3101.705648127824,-3101.705648127824,-3101.705648127824,11595.91574305548,11595.91574305548,11595.91574305548,0.0,0.0,0.0,38500.31416206625
2011-10-09,30022.01790116613,12681.44876354476,40238.73672662472,30022.01790116613,30022.01790116613,-3339.1192174713015,-3339.1192174713015,-3339.1192174713015,-13912.72750902239,-13912.72750902239,-13912.72750902239,10573.608291551089,10573.608291551089,10573.608291551089,0.0,0.0,0.0,26682.89868369483
2011-10-10,30029.974818179897,25086.240130063867,52754.90227519339,30029.974818179897,30029.974818179897,8469.112994975178,8469.112994975178,8469.112994975178,-1666.2835831557525,-1666.2835831557525,-1666.2835831557525,10135.39657813093,10135.39657813093,10135.39657813093,0.0,0.0,0.0,38499.08781315507
2011-10-11,30037.931735193662,29730.343644322234,55417.496699272175,30037.931735193662,30037.931735193662,13033.622008504704,13033.622008504704,13033.622008504704,3275.0560697475107,3275.0560697475107,3275.0560697475107,9758.565938757194,9758.565938757194,9758.565938757194,0.0,0.0,0.0,43071.553743698365
2011-10-12,30045.888652207435,25324.75956832002,51066.46764482857,30045.888652207435,30045.888652207435,8098.942973576392,8098.942973576392,8098.942973576392,-1351.3264126568129,-1351.3264126568129,-1351.3264126568129,9450.269386233205,9450.269386233205,9450.269386233205,0.0,0.0,0.0,38144.83162578383
2011-10-13,30053.8455692212,33329.23059468692,60642.04696225288,30053.8455692212,30053.8455692212,16655.666735756746,16655.666735756746,16655.666735756746,7440.110857856011,7440.110857856011,7440.110857856011,9215.555877900737,9215.555877900737,9215.555877900737,0.0,0.0,0.0,46709.51230497795
2011-10-14,30061.80248623497,22961.599475719657,50581.53126924786,30061.80248623497,30061.80248623497,5955.588050776107,5955.588050776107,5955.588050776107,-3101.705648128808,-3101.705648128808,-3101.705648128808,9057.293698904914,9057.293698904914,9057.293698904914,0.0,0.0,0.0,36017.39053701107
2011-10-16,30077.71632026251,12272.512659094786,38139.662711368284,30077.71632026251,30077.71632026251,-4942.062988170476,-4942.062988170476,-4942.062988170476,-13912.727509007304,-13912.727509007304,-13912.727509007304,8970.664520836826,8970.664520836826,8970.664520836826,0.0,0.0,0.0,25135.65333209203
2011-10-17,30085.673237276274,23559.22953442214,51283.525367969465,30085.673237276274,30085.673237276274,7371.018881194397,7371.018881194397,7371.018881194397,-1666.2835831793122,-1666.2835831793122,-1666.2835831793122,9037.30246437371,9037.30246437371,9037.30246437371,0.0,0.0,0.0,37456.69211847067
2011-10-18,30093.63015429004,28972.15930605729,55723.70388229853,30093.63015429004,30093.63015429004,12445.728376657,12445.728376657,12445.728376657,3275.0560697047295,3275.0560697047295,3275.0560697047295,9170.672306952269,9170.672306952269,9170.672306952269,0.0,0.0,0.0,42539.358530947036
2011-10-19,30101.58707130381,24708.005567876982,51275.257996853616,30101.58707130381,30101.58707130381,8012.38804208791,8012.38804208791,8012.38804208791,-1351.3264126717525,-1351.3264126717525,-1351.3264126717525,9363.714454759662,9363.714454759662,9363.714454759662,0.0,0.0,0.0,38113.975113391716
2011-10-20,30109.543988317575,33608.41364577466,60987.122168288966,30109.543988317575,30109.543988317575,17048.078552001454,17048.078552001454,17048.078552001454,7440.110857829868,7440.110857829868,7440.110857829868,9607.967694171588,9607.967694171588,9607.967694171588,0.0,0.0,0.0,47157.62254031903
2011-10-21,30117.500905331348,24354.62632245829,49449.651363427365,30117.500905331348,30117.500905331348,6792.162100627891,6792.162100627891,6792.162100627891,-3101.705648129796,-3101.705648129796,-3101.705648129796,9893.867748757688,9893.867748757688,9893.867748757688,0.0,0.0,0.0,36909.66300595924
2011-10-23,30133.414739358883,12779.639879099315,40065.496661385856,30133.414739358883,30133.414739358883,-3363.9105591805983,-3363.9105591805983,-3363.9105591805983,-13912.727509002294,-13912.727509002294,-13912.727509002294,10548.816949821694,10548.816949821694,10548.816949821694,0.0,0.0,0.0,26769.504180178286
2011-10-24,30141.37165637265,25453.838391548772,52218.182126691274,30141.37165637265,30141.37165637265,9229.96503781731,9229.96503781731,9229.96503781731,-1666.283583131047,-1666.283583131047,-1666.283583131047,10896.248620948358,10896.248620948358,10896.248620948358,0.0,0.0,0.0,39371.33669418996
2011-10-25,30149.328573386414,31968.82384188914,58141.6976916008,30149.328573386414,30149.328573386414,14517.853460474209,14517.853460474209,14517.853460474209,3275.0560697721976,3275.0560697721976,3275.0560697721976,11242.797390702011,11242.797390702011,11242.797390702011,0.0,0.0,0.0,44667.18203386062
2011-10-26,30157.285490400187,27046.13569624955,52577.50071751796,30157.285490400187,30157.285490400187,10227.177889878596,10227.177889878596,10227.177889878596,-1351.3264126335202,-1351.3264126335202,-1351.3264126335202,11578.504302512118,11578.504302512118,11578.504302512118,0.0,0.0,0.0,40384.46338027879
2011-10-27,30165.242407413953,36540.273034760714,62888.19601976586,30165.242407413953,30165.242407413953,19334.44868967458,19334.44868967458,19334.44868967458,7440.110857834901,7440.110857834901,7440.110857834901,11894.337831839679,11894.337831839679,11894.337831839679,0.0,0.0,0.0,49499.69109708854
2011-10-28,30173.199324427722,25860.446462679647,52845.075707451506,30173.199324427722,30173.199324427722,9080.769300223228,9080.769300223228,9080.769300223228,-3101.705648135648,-3101.705648135648,-3101.705648135648,12182.474948358877,12182.474948358877,12182.474948358877,0.0,0.0,0.0,39253.96862465095
2011-10-30,30189.11315845526,15745.490744794179,42442.95180503067,30189.11315845526,30189.11315845526,-1260.9331691161337,-1260.9331691161337,-1260.9331691161337,-13912.72750899728,-13912.72750899728,-13912.72750899728,12651.794339881148,12651.794339881148,12651.794339881148,0.0,0.0,0.0,28928.179989339125
2011-10-31,30197.070075469026,27766.258870661833,53918.568345383406,30197.070075469026,30197.070075469026,11158.985652085086,11158.985652085086,11158.985652085086,-1666.283583082781,-1666.283583082781,-1666.283583082781,12825.269235167867,12825.269235167867,12825.269235167867,0.0,0.0,0.0,41356.055727554114
2011-11-01,30205.02699248279,32817.63523200328,60680.75659056409,30205.02699248279,30205.02699248279,16230.895991894877,16230.895991894877,16230.895991894877,3275.056069720486,3275.056069720486,3275.056069720486,12955.83992217439,12955.83992217439,12955.83992217439,0.0,0.0,0.0,46435.92298437767
2011-11-02,30212.98390949656,27516.042297530916,54973.24624211713,30212.98390949656,30212.98390949656,11692.909463850623,11692.909463850623,11692.909463850623,-1351.3264126938222,-1351.3264126938222,-1351.3264126938222,13044.235876544444,13044.235876544444,13044.235876544444,0.0,0.0,0.0,41905.893373347186
2011-11-03,30220.940826510327,37198.75537483847,63500.33351320079,30220.940826510327,30220.940826510327,20533.098795015267,20533.098795015267,20533.098795015267,7440.110857844978,7440.110857844978,7440.110857844978,13092.98793717029,13092.98793717029,13092.98793717029,0.0,0.0,0.0,50754.03962152559
2011-11-04,30228.8977435241,26334.21652357704,53789.9819973948,30228.8977435241,30228.8977435241,10004.60737324666,10004.60737324666,10004.60737324666,-3101.7056481245395,-3101.7056481245395,-3101.7056481245395,13106.3130213712,13106.3130213712,13106.3130213712,0.0,0.0,0.0,40233.50511677076
2011-11-05,30236.854660537865,39012.23219184064,66566.49108978405,30236.854660537865,30236.854660537865,22406.815840478477,22406.815840478477,22406.815840478477,9316.87622533753,9316.87622533753,9316.87622533753,13089.93961514095,13089.93961514095,13089.93961514095,0.0,0.0,0.0,52643.67050101634
2011-11-06,30244.811577551634,16700.039851566966,43818.602645821426,30244.811577551634,30244.811577551634,-861.8485030913149,-861.8485030913149,-861.8485030913149,-13912.72750903036,-13912.72750903036,-13912.72750903036,13050.879005939043,13050.879005939043,13050.879005939043,0.0,0.0,0.0,29382.96307446032
2011-11-07,30252.7684945654,29036.247610362727,54187.08128238989,30252.7684945654,30252.768494901604,11330.865364322868,11330.865364322868,11330.865364322868,-1666.2835831063417,-1666.2835831063417,-1666.2835831063417,12997.148947429208,12997.148947429208,12997.148947429208,0.0,0.0,0.0,41583.633858888265
2011-11-08,30260.725411579166,32895.51797705735,59782.14327904806,30260.725410175208,30260.72541286654,16212.514057751705,16212.514057751705,16212.514057751705,3275.056069737295,3275.056069737295,3275.056069737295,12937.45798801441,12937.45798801441,12937.45798801441,0.0,0.0,0.0,46473.239469330874
2011-11-09,30268.68232859294,28437.601059462297,56016.714136895105,30268.682325170666,30268.682332085973,11529.533597620879,11529.533597620879,11529.533597620879,-1351.3264126555914,-1351.3264126555914,-1351.3264126555914,12880.860010276472,12880.860010276472,12880.860010276472,0.0,0.0,0.0,41798.215926213816
2011-11-10,30276.639245606704,37054.52796822996,63371.663575541425,30276.639239913075,30276.63925167875,20276.50043312745,20276.50043312745,20276.50043312745,7440.110857855055,7440.110857855055,7440.110857855055,12836.389575272398,12836.389575272398,12836.389575272398,0.0,0.0,0.0,50553.13967873415
2011-11-11,30284.596162620477,27096.4653130405,53502.1955691174,30284.596154241593,30284.59617112305,9710.983761763768,9710.983761763768,9710.983761763768,-3101.7056481424866,-3101.7056481424866,-3101.7056481424866,12812.689409906256,12812.689409906256,12812.689409906256,0.0,0.0,0.0,39995.57992438425
2011-11-12,30292.553079634243,39419.46824384189,66228.38042070036,30292.553067969606,30292.55309160914,22134.518017236285,22134.518017236285,22134.518017236285,9316.8762253605,9316.8762253605,9316.8762253605,12817.641791875785,12817.641791875785,12817.641791875785,0.0,0.0,0.0,52427.071096870524
2011-11-13,30300.509996648012,15557.926796096634,42620.67519564156,30300.50998227585,30300.51001340785,-1054.711850404394,-1054.711850404394,-1054.711850404394,-13912.727508977183,-13912.727508977183,-13912.727508977183,12858.01565857279,12858.01565857279,12858.01565857279,0.0,0.0,0.0,29245.79814624362
2011-11-14,30308.466913661778,28041.41854756309,55466.99353289233,30308.46689551054,30308.46693626656,11272.857404392998,11272.857404392998,11272.857404392998,-1666.2835831122825,-1666.2835831122825,-1666.2835831122825,12939.140987505281,12939.140987505281,12939.140987505281,0.0,0.0,0.0,41581.32431805477
2011-11-15,30316.42383067555,32761.568669211454,61132.61744278909,30316.42380647655,30316.423858959846,16339.677439809893,16339.677439809893,16339.677439809893,3275.056069754101,3275.056069754101,3275.056069754101,13064.621370055793,13064.621370055793,13064.621370055793,0.0,0.0,0.0,46656.101270485444
2011-11-16,30324.380747689316,29747.239732153124,55364.10148391826,30324.380719043664,30324.380781880667,11884.768328827142,11884.768328827142,11884.768328827142,-1351.3264126705296,-1351.3264126705296,-1351.3264126705296,13236.094741497673,13236.094741497673,13236.094741497673,0.0,0.0,0.0,42209.149076516456
2011-11-17,30332.337664703082,37844.2626757094,64696.33316055088,30332.337630316324,30332.33770211905,20893.16181974113,20893.16181974113,20893.16181974113,7440.1108578289095,7440.1108578289095,7440.1108578289095,13453.050961912219,13453.050961912219,13453.050961912219,0.0,0.0,0.0,51225.49948444421
2011-11-18,30340.29458171685,26605.15667972741,52994.450642319825,30340.294541968182,30340.294624904967,10611.007749960107,10611.007749960107,10611.007749960107,-3101.7056481362447,-3101.7056481362447,-3101.7056481362447,13712.713398096352,13712.713398096352,13712.713398096352,0.0,0.0,0.0,40951.302331676954
2011-11-19,30348.251498730617,40377.110320702945,67032.64340777404,30348.251454166824,30348.251547063996,23326.86610226043,23326.86610226043,23326.86610226043,9316.87622535047,9316.87622535047,9316.87622535047,14009.98987690996,14009.98987690996,14009.98987690996,0.0,0.0,0.0,53675.11760099104
2011-11-20,30356.20841574439,17631.341404959865,44432.1081145565,30356.208365031358,30356.20846987831,424.76890559085524,424.76890559085524,424.76890559085524,-13912.72750901026,-13912.72750901026,-13912.72750901026,14337.496414601115,14337.496414601115,14337.496414601115,0.0,0.0,0.0,30780.977321335246
2011-11-21,30364.165332758155,30198.90085543402,56378.06146388302,30364.165273547056,30364.165392077557,13019.37144593662,13019.37144593662,13019.37144593662,-1666.2835831182256,-1666.2835831182256,-1666.2835831182256,14685.655029054846,14685.655029054846,14685.655029054846,0.0,0.0,0.0,43383.536778694775
2011-11-22,30372.122249771925,35147.359943833006,61948.32359110308,30372.122186511533,30372.122315479308,18317.920841466035,18317.920841466035,18317.920841466035,3275.0560697709084,3275.0560697709084,3275.0560697709084,15042.864771695127,15042.864771695127,15042.864771695127,0.0,0.0,0.0,48690.04309123796
2011-11-23,30380.07916678569,30334.212029006212,58348.96665730586,30380.079098879858,30380.079238955877,14044.416522188041,14044.416522188041,14044.416522188041,-1351.3264126244924,-1351.3264126244924,-1351.3264126244924,15395.742934812533,15395.742934812533,15395.742934812533,0.0,0.0,0.0,44424.49568897373
2011-11-24,30388.036083799463,39796.628490913106,67709.15232257865,30388.036010220967,30388.036164388686,23169.542119088474,23169.542119088474,23169.542119088474,7440.110857870162,7440.110857870162,7440.110857870162,15729.43126121831,15729.43126121831,15729.43126121831,0.0,0.0,0.0,53557.57820288793
2011-11-25,30395.99300081323,30336.017194436954,56960.067317969064,30395.99292114541,30395.993089109408,12926.254320406468,12926.254320406468,12926.254320406468,-3101.7056481493246,-3101.7056481493246,-3101.7056481493246,16027.959968555791,16027.959968555791,16027.959968555791,0.0,0.0,0.0,43322.24732121969
2011-11-26,30403.949917826994,42339.82443474625,68800.96820241984,30403.949829035246,30403.950012147936,25591.536785186825,25591.536785186825,25591.536785186825,9316.876225340444,9316.876225340444,9316.876225340444,16274.660559846381,16274.660559846381,16274.660559846381,0.0,0.0,0.0,55995.48670301382
2011-11-27,30411.906834840764,19372.450020187265,47022.871407488776,30411.906738254656,30411.906938530094,2539.889271065303,2539.889271065303,2539.889271065303,-13912.727509005246,-13912.727509005246,-13912.727509005246,16452.61678007055,16452.61678007055,16452.61678007055,0.0,0.0,0.0,32951.79610590607
2011-11-28,30419.86375185453,32235.09302906748,57824.872512221664,30419.863647998132,30419.863864929666,14878.858162246406,14878.858162246406,14878.858162246406,-1666.2835831594016,-1666.2835831594016,-1666.2835831594016,16545.141745405806,16545.141745405806,16545.141745405806,0.0,0.0,0.0,45298.721914100934
2011-11-29,30427.820668868302,37351.29872335765,63545.998055927135,30427.82055826942,30427.820790787315,19811.3243284865,19811.3243284865,19811.3243284865,3275.0560697191986,3275.0560697191986,3275.0560697191986,16536.268258767297,16536.268258767297,16536.268258767297,0.0,0.0,0.0,50239.1449973548
2011-11-30,30435.777585882068,31349.170131601393,59087.848676405505,30435.777468396453,30435.777717110574,15059.912253523678,15059.912253523678,15059.912253523678,-1351.32641263943,-1351.32641263943,-1351.32641263943,16411.238666163106,16411.238666163106,16411.238666163106,0.0,0.0,0.0,45495.68983940575
2011-12-01,30443.734502895837,41382.881199466734,68112.1670977575,30443.73437739506,30443.73464226334,23597.09118418519,23597.09118418519,23597.09118418519,7440.11085784402,7440.11085784402,7440.11085784402,16156.980326341169,16156.980326341169,16156.980326341169,0.0,0.0,0.0,54040.82568708103
2011-12-02,30451.691419909603,30371.84021033868,56167.93977346991,30451.69128633464,30451.691564100423,12660.84722662156,12660.84722662156,12660.84722662156,-3101.705648138217,-3101.705648138217,-3101.705648138217,15762.552874759775,15762.552874759775,15762.552874759775,0.0,0.0,0.0,43112.53864653116
2011-12-03,30459.64833692337,41272.700131519145,68345.76217496094,30459.648194284095,30459.64849271352,24536.430189177245,24536.430189177245,24536.430189177245,9316.876225330416,9316.876225330416,9316.876225330416,15219.55396384683,15219.55396384683,15219.55396384683,0.0,0.0,0.0,54996.07852610061
2011-12-04,30467.60525393714,17627.357463665197,45007.11032373077,30467.605103355556,30467.605418620868,609.7435372110826,609.7435372110826,609.7435372110826,-13912.727509028251,-13912.727509028251,-13912.727509028251,14522.47104623933,14522.47104623933,14522.47104623933,0.0,0.0,0.0,31077.348791148223
2011-12-05,30475.562170950907,29713.29352887433,56232.25922915465,30475.562010702215,30475.562342652254,12002.684432937243,12002.684432937243,12002.684432937243,-1666.2835831653438,-1666.2835831653438,-1666.2835831653438,13668.968016102586,13668.968016102586,13668.968016102586,0.0,0.0,0.0,42478.246603888154
2011-12-06,30483.519087964676,33490.350983752855,59736.49774187624,30483.51892147504,30483.519270330322,15935.153175254121,15935.153175254121,15935.153175254121,3275.056069795595,3275.056069795595,3275.056069795595,12660.097105458528,12660.097105458528,12660.097105458528,0.0,0.0,0.0,46418.672263218796
2011-12-07,30491.47600497844,27434.7856444336,53819.521461383374,30491.4758303524,30491.476198424476,10149.101894870011,10149.101894870011,10149.101894870011,-1351.3264126543697,-1351.3264126543697,-1351.3264126543697,11500.428307524382,11500.428307524382,11500.428307524382,0.0,0.0,0.0,40640.57789984845
2011-12-08,30499.432921992215,35209.769666218046,61561.741690231844,30499.432738636875,30499.433120908245,17638.20157640664,17638.20157640664,17638.20157640664,7440.110857885272,7440.110857885272,7440.110857885272,10198.090718521367,10198.090718521367,10198.090718521367,0.0,0.0,0.0,48137.63449839885
2011-12-09,30507.38983900598,22913.917775052352,49027.94531397171,30507.389646601292,30507.390046323246,5663.01684906351,5663.01684906351,5663.01684906351,-3101.7056481319746,-3101.7056481319746,-3101.7056481319746,8764.722497195484,8764.722497195484,8764.722497195484,0.0,0.0,0.0,36170.40668806949
2011-12-10,30515.346756019746,34009.237969719026,60569.79834064417,30515.346553733893,30515.346972792584,16532.204800613614,16532.204800613614,16532.204800613614,9316.876225353384,9316.876225353384,9316.876225353384,7215.328575260227,7215.328575260227,7215.328575260227,0.0,0.0,0.0,47047.55155663336
2011-12-11,30523.30367303352,8783.118006857385,35304.51483083215,30523.303461950087,30523.30389631214,-8344.679763296632,-8344.679763296632,-8344.679763296632,-13912.727509023238,-13912.727509023238,-13912.727509023238,5568.047745726608,5568.047745726608,5568.047745726608,0.0,0.0,0.0,22178.62390973689
2011-12-12,30531.260590047284,19161.79594172243,45907.65994457035,30531.260370229484,30531.260822924392,2177.5496583369395,2177.5496583369395,2177.5496583369395,-1666.2835831170785,-1666.2835831170785,-1666.2835831170785,3843.833241454018,3843.833241454018,3843.833241454018,0.0,0.0,0.0,32708.810248384223
2011-12-13,30539.217507061054,22652.12730818462,48253.22089951015,30539.2172777657,30539.217748991032,5341.109393513511,5341.109393513511,5341.109393513511,3275.0560697528126,3275.0560697528126,3275.0560697528126,2066.0533237606983,2066.0533237606983,2066.0533237606983,0.0,0.0,0.0,35880.32690057457
2011-12-14,30547.17442407482,15877.145661677205,42974.60002141405,30547.17418024234,30547.17467517025,-1091.3057491293234,-1091.3057491293234,-1091.3057491293234,-1351.3264126693077,-1351.3264126693077,-1351.3264126693077,260.0206635399842,260.0206635399842,260.0206635399842,0.0,0.0,0.0,29455.868674945497
2011-12-15,30555.131341088592,22800.484599713403,49494.146910965865,30555.131084259385,30555.131603077458,5892.572208325278,5892.572208325278,5892.572208325278,7440.110857854087,7440.110857854087,7440.110857854087,-1547.5386495288092,-1547.5386495288092,-1547.5386495288092,0.0,0.0,0.0,36447.70354941387
2011-12-16,30563.088258102358,10956.438046062793,37508.2026916547,30563.087992540874,30563.08853241578,-6430.769496942913,-6430.769496942913,-6430.769496942913,-3101.7056481329587,-3101.7056481329587,-3101.7056481329587,-3329.063848809954,-3329.063848809954,-3329.063848809954,0.0,0.0,0.0,24132.318761159444
2011-12-17,30571.045175116124,21805.037529823963,48705.80234050133,30571.04490079928,30571.045460292997,4260.104327905523,4260.104327905523,4260.104327905523,9316.876225328931,9316.876225328931,9316.876225328931,-5056.7718974234085,-5056.7718974234085,-5056.7718974234085,0.0,0.0,0.0,34831.14950302165
2011-12-18,30579.002092129893,-3050.454913786193,23736.8176159374,30579.00180784307,30579.002388219673,-20616.015881226045,-20616.015881226045,-20616.015881226045,-13912.727509018225,-13912.727509018225,-13912.727509018225,-6703.2883722078195,-6703.2883722078195,-6703.2883722078195,0.0,0.0,0.0,9962.986210903848
2011-12-19,30586.95900914366,9054.669812343927,33687.10201549679,30586.958714226526,30586.95931657652,-9908.564515811575,-9908.564515811575,-9908.564515811575,-1666.283583177227,-1666.283583177227,-1666.283583177227,-8242.280932634349,-8242.280932634349,-8242.280932634349,0.0,0.0,0.0,20678.39449333208
2011-12-20,30594.91592615743,10622.060178670135,36861.69498657192,30594.915618515282,30594.916242126965,-6374.023128889105,-6374.023128889105,-6374.023128889105,3275.056069701101,3275.056069701101,3275.056069701101,-9649.079198590205,-9649.079198590205,-9649.079198590205,0.0,0.0,0.0,24220.892797268327
2011-12-21,30602.872843171197,4906.568908917485,31275.41259360193,30602.87252776239,30602.873173383876,-12252.591421512243,-12252.591421512243,-12252.591421512243,-1351.3264126232689,-1351.3264126232689,-1351.3264126232689,-10901.265008888973,-10901.265008888973,-10901.265008888973,0.0,0.0,0.0,18350.281421658954
2011-12-22,30610.829760184966,13312.709801529405,39841.45607622707,30610.829437106157,30610.830101723455,-4539.106754534211,-4539.106754534211,-4539.106754534211,7440.110857864162,7440.110857864162,7440.110857864162,-11979.217612398375,-11979.217612398375,-11979.217612398375,0.0,0.0,0.0,26071.723005650754
2011-12-23,30618.786677198732,1278.2756034644588,27268.905089461878,30618.786345775123,30618.787031214164,-15968.304991533905,-15968.304991533905,-15968.304991533905,-3101.7056481218524,-3101.7056481218524,-3101.7056481218524,-12866.599343412052,-12866.599343412052,-12866.599343412052,0.0,0.0,0.0,14650.481685664827
2011-12-24,30626.743594212498,12750.791716547095,39787.04840492986,30626.743255424546,30626.74396341263,-4233.892503335082,-4233.892503335082,-4233.892503335082,9316.876225333326,9316.876225333326,9316.876225333326,-13550.768728668409,-13550.768728668409,-13550.768728668409,0.0,0.0,0.0,26392.851090877415
2011-12-25,30634.70051122627,-10019.694690789518,15268.33330555248,30634.700163592952,30634.700890832024,-27935.83723967925,-27935.83723967925,-27935.83723967925,-13912.727508954977,-13912.727508954977,-13912.727508954977,-14023.109730724269,-14023.109730724269,-14023.109730724269,0.0,0.0,0.0,2698.8632715470194
2011-12-26,30642.657428240036,1302.831335972874,27684.244749964368,30642.657066930224,30642.657824614733,-15945.551488894,-15945.551488894,-15945.551488894,-1666.2835831465807,-1666.2835831465807,-1666.2835831465807,-14279.26790574742,-14279.26790574742,-14279.26790574742,0.0,0.0,0.0,14697.105939346036
2011-12-27,30650.614345253805,6072.165591756812,32856.43153676722,30650.61397390067,30650.61475520137,-11044.230520163765,-11044.230520163765,-11044.230520163765,3275.056069717909,3275.056069717909,3275.056069717909,-14319.286589881674,-14319.286589881674,-14319.286589881674,0.0,0.0,0.0,19606.38382509004
2011-12-28,30658.57126226757,1945.002097526169,29127.00801087143,30658.570879823634,30658.57168765951,-15498.96517803656,-15498.96517803656,-15498.96517803656,-1351.3264126913773,-1351.3264126913773,-1351.3264126913773,-14147.638765345184,-14147.638765345184,-14147.638765345184,0.0,0.0,0.0,15159.60608423101
2011-12-29,30666.528179281344,10942.97897510715,37946.35622226855,30666.527787788666,30666.528620132904,-6333.042070349945,-6333.042070349945,-6333.042070349945,7440.11085787424,7440.11085787424,7440.11085787424,-13773.152928224183,-13773.152928224183,-13773.152928224183,0.0,0.0,0.0,24333.4861089314
2011-12-30,30674.48509629511,115.37895538143394,28130.94414710618,30674.48469489161,30674.485553424205,-16310.539661319945,-16310.539661319945,-16310.539661319945,-3101.705648134931,-3101.705648134931,-3101.705648134931,-13208.834013185015,-13208.834013185015,-13208.834013185015,0.0,0.0,0.0,14363.945434975165
2011-12-31,30682.44201330888,14772.09522615193,40869.61982350278,30682.441598318805,30682.442482779625,-3154.7069273132397,-3154.7069273132397,-3154.7069273132397,9316.876225356296,9316.876225356296,9316.876225356296,-12471.583152669537,-12471.583152669537,-12471.583152669537,0.0,0.0,0.0,27527.73508599564
2012-01-01,30690.398930322644,-7670.478307388575,18259.79828407579,30690.398504379453,30690.399412806586,-25494.550195060372,-25494.550195060372,-25494.550195060372,-13912.727508988051,-13912.727508988051,-13912.727508988051,-11581.822686072317,-11581.822686072317,-11581.822686072317,0.0,0.0,0.0,5195.848735262272
2012-01-02,30698.35584733641,5184.021466099861,32018.49240448495,30698.355406277078,30698.356344283573,-12229.31889967024,-12229.31889967024,-12229.31889967024,-1666.2835831525224,-1666.2835831525224,-1666.2835831525224,-10563.035316517717,-10563.035316517717,-10563.035316517717,0.0,0.0,0.0,18469.036947666173
2012-01-03,30706.312764350183,11118.001610507705,38116.966828565164,30706.31231086701,30706.31327439557,-6166.17250197329,-6166.17250197329,-6166.17250197329,3275.056069675126,3275.056069675126,3275.056069675126,-9441.228571648415,-9441.228571648415,-9441.228571648415,0.0,0.0,0.0,24540.14026237689
2012-01-04,30714.26968136395,7473.8339432159655,33818.63602707222,30714.269218149217,30714.27020213481,-9595.664111097829,-9595.664111097829,-9595.664111097829,-1351.3264126531456,-1351.3264126531456,-1351.3264126531456,-8244.337698444684,-8244.337698444684,-8244.337698444684,0.0,0.0,0.0,21118.605570266118
2012-01-05,30722.226598377718,17624.390563607478,44331.82283829769,30722.22611665068,30722.22713257581,438.5291012494956,438.5291012494956,438.5291012494956,7440.110857879272,7440.110857879272,7440.110857879272,-7001.581756629777,-7001.581756629777,-7001.581756629777,0.0,0.0,0.0,31160.755699627214
2012-01-06,30730.183515391484,8533.368947325907,35671.238399350535,30730.183019823962,30730.184058691873,-8844.494573501468,-8844.494573501468,-8844.494573501468,-3101.70564812869,-3101.70564812869,-3101.70564812869,-5742.788925372777,-5742.788925372777,-5742.788925372777,0.0,0.0,0.0,21885.688941890017
2012-01-07,30738.140432405256,21292.876901433166,47711.244846075184,30738.139927281,30738.140984267404,4819.1683561562495,4819.1683561562495,4819.1683561562495,9316.876225346268,9316.876225346268,9316.876225346268,-4497.70786919002,-4497.70786919002,-4497.70786919002,0.0,0.0,0.0,35557.30878856151
2012-01-08,30746.097349419022,1541.3036607697352,27232.881875324027,30746.09683004394,30746.097913985443,-17208.049906492386,-17208.049906492386,-17208.049906492386,-13912.727508983042,-13912.727508983042,-13912.727508983042,-3295.3223975093483,-3295.3223975093483,-3295.3223975093483,0.0,0.0,0.0,13538.047442926636
2012-01-09,30754.054266432788,13687.973307152815,41124.624265490515,30754.053733347788,30754.05484592594,-3829.4701703233,-3829.4701703233,-3829.4701703233,-1666.283583158464,-1666.283583158464,-1666.283583158464,-2163.186587164835,-2163.186587164835,-2163.186587164835,0.0,0.0,0.0,26924.584096109487
2012-01-10,30762.011183446557,20102.15180758524,45754.26746603234,30762.01063385344,30762.01177920493,2148.259050950404,2148.259050950404,2148.259050950404,3275.0560697515234,3275.0560697515234,3275.0560697515234,-1126.7970188011193,-1126.7970188011193,-1126.7970188011193,0.0,0.0,0.0,32910.27023439696
2012-01-11,30769.968100460323,15018.021015939154,41794.77363600657,30769.967533084386,30769.96871273974,-1560.3442326278614,-1560.3442326278614,-1560.3442326278614,-1351.3264127056418,-1351.3264127056418,-1351.3264127056418,-209.0178199222197,-209.0178199222197,-209.0178199222197,0.0,0.0,0.0,29209.623867832463
2012-01-12,30777.925017474096,24076.183860450437,52451.7991247828,30777.92443480581,30777.92564859087,8010.538023174566,8010.538023174566,8010.538023174566,7440.110857853129,7440.110857853129,7440.110857853129,570.4271653214352,570.4271653214352,570.4271653214352,0.0,0.0,0.0,38788.46304064866
2012-01-13,30785.88193448786,16014.28252530748,43381.37944670852,30785.881339730255,30785.88258309205,-1906.3231376906435,-1906.3231376906435,-1906.3231376906435,-3101.705648129675,-3101.705648129675,-3101.705648129675,1195.3825104390314,1195.3825104390314,1195.3825104390314,0.0,0.0,0.0,28879.558796797217
2012-01-14,30793.838851501634,28850.70083773122,55098.568903344305,30793.838244858718,30793.83951342678,10970.475383312136,10970.475383312136,10970.475383312136,9316.876225350667,9316.876225350667,9316.876225350667,1653.5991579614706,1653.5991579614706,1653.5991579614706,0.0,0.0,0.0,41764.31423481377
2012-01-15,30801.7957685154,5160.152748163845,32249.161680033787,30801.795156743472,30801.796445353273,-11975.753450717963,-11975.753450717963,-11975.753450717963,-13912.727509016118,-13912.727509016118,-13912.727509016118,1936.974058298157,1936.974058298157,1936.974058298157,0.0,0.0,0.0,18826.042317797437
2012-01-16,30809.75268552917,18442.250702285517,44281.43158908496,30809.752058446116,30809.753371829625,375.40235289091936,375.40235289091936,375.40235289091936,-1666.283583182024,-1666.283583182024,-1666.283583182024,2041.6859360729432,2041.6859360729432,2041.6859360729432,0.0,0.0,0.0,31185.15503842009
2012-01-17,30817.709602542935,22362.6983857782,48736.1477389501,30817.708967084778,30817.71029803977,5243.28040589983,5243.28040589983,5243.28040589983,3275.0560696998127,3275.0560696998127,3275.0560696998127,1968.2243362000168,1968.2243362000168,1968.2243362000168,0.0,0.0,0.0,36060.990008442765
2012-01-18,30825.6665195567,17114.769197510264,44130.97371870522,30825.66586628855,30825.66722491418,369.9854714244189,369.9854714244189,369.9854714244189,-1351.32641266741,-1351.32641266741,-1351.32641266741,1721.311884091829,1721.311884091829,1721.311884091829,0.0,0.0,0.0,31195.651990981118
2012-01-19,30833.623436570473,26997.53065986015,53312.32219292653,30833.622770689904,30833.624154359677,8749.833329196204,8749.833329196204,8749.833329196204,7440.110857863206,7440.110857863206,7440.110857863206,1309.722471332999,1309.722471332999,1309.722471332999,0.0,0.0,0.0,39583.45676576668
2012-01-20,30841.58035358424,14620.766749752855,41164.85435803452,30841.579673419714,30841.581085402744,-2355.7048728475283,-2355.7048728475283,-2355.7048728475283,-3101.7056481306613,-3101.7056481306613,-3101.7056481306613,746.0007752831327,746.0007752831327,746.0007752831327,0.0,0.0,0.0,28485.87548073671
2012-01-21,30849.537270598008,26734.034261778754,53710.64735077533,30849.53657491135,30849.53801348201,9362.967291242066,9362.967291242066,9362.967291242066,9316.87622534893,9316.87622534893,9316.87622534893,46.09106589313618,46.09106589313618,46.09106589313618,0.0,0.0,0.0,40212.504561840076
2012-01-22,30857.494187611774,2731.111759427127,28998.38024180262,30857.493474762276,30857.494943441852,-14683.841931637484,-14683.841931637484,-14683.841931637484,-13912.727508962942,-13912.727508962942,-13912.727508962942,-771.1144226745427,-771.1144226745427,-771.1144226745427,0.0,0.0,0.0,16173.65225597429
2012-01-23,30865.451104625547,14435.957064281341,40606.87209045279,30865.4503787245,30865.451879359072,-3350.5788193942844,-3350.5788193942844,-3350.5788193942844,-1666.2835831337586,-1666.2835831337586,-1666.2835831337586,-1684.2952362605267,-1684.2952362605267,-1684.2952362605267,0.0,0.0,0.0,27514.872285231264
2012-01-24,30873.408021639312,17985.87331139572,44514.62397903006,30873.407282346423,30873.408816545376,604.7795330686099,604.7795330686099,604.7795330686099,3275.0560697166197,3275.0560697166197,3275.0560697166197,-2670.27653664801,-2670.27653664801,-2670.27653664801,0.0,0.0,0.0,31478.18755470792
2012-01-25,30881.364938653078,12084.962197119865,38369.6248550146,30881.364185096576,30881.365750236295,-5055.968094603938,-5055.968094603938,-5055.968094603938,-1351.326412629179,-1351.326412629179,-1351.326412629179,-3704.641681974759,-3704.641681974759,-3704.641681974759,0.0,0.0,0.0,25825.39684404914
2012-01-26,30889.321855666847,19826.108037461454,47442.83805594104,30889.321086663316,30889.322674904157,2677.7435601092316,2677.7435601092316,2677.7435601092316,7440.110857837065,7440.110857837065,7440.110857837065,-4762.367297727832,-4762.367297727832,-4762.367297727832,0.0,0.0,0.0,33567.06541577608
2012-01-27,30897.278772680613,8649.09370840098,36011.5764592377,30897.277988159316,30897.279611651342,-8920.169764892718,-8920.169764892718,-8920.169764892718,-3101.705648136514,-3101.705648136514,-3101.705648136514,-5818.464116756204,-5818.464116756204,-5818.464116756204,0.0,0.0,0.0,21977.109007787894
2012-01-28,30905.235689694386,20585.72943056372,47104.03105398897,30905.234889690368,30905.236539278496,2468.269375886489,2468.269375886489,2468.269375886489,9316.876225353328,9316.876225353328,9316.876225353328,-6848.606849466839,-6848.606849466839,-6848.606849466839,0.0,0.0,0.0,33373.50506558087
2012-01-29,30913.19260670815,-4123.91972006632,22628.44094955301,30913.191794140334,30913.193469706053,-21742.464285523165,-21742.464285523165,-21742.464285523165,-13912.727508996017,-13912.727508996017,-13912.727508996017,-7829.7367765271465,-7829.7367765271465,-7829.7367765271465,0.0,0.0,0.0,9170.728321184986
2012-01-30,30921.14952372192,7302.021774947728,34021.418333215865,30921.148698421377,30921.150403466192,-10406.905205696981,-10406.905205696981,-10406.905205696981,-1666.2835831397008,-1666.2835831397008,-1666.2835831397008,-8740.621622557279,-8740.621622557279,-8740.621622557279,0.0,0.0,0.0,20514.24431802494
2012-01-31,30929.106440735686,11681.537386222277,38071.342479868064,30929.105594881454,30929.1073353713,-6287.302475188534,-6287.302475188534,-6287.302475188534,3275.0560697334276,3275.0560697334276,3275.0560697334276,-9562.35854492196,-9562.35854492196,-9562.35854492196,0.0,0.0,0.0,24641.80396554715
2012-02-01,30937.063357749452,6141.674903321096,32519.277145862947,30937.062495424758,30937.06427323693,-11630.134132393128,-11630.134132393128,-11630.134132393128,-1351.3264126894808,-1351.3264126894808,-1351.3264126894808,-10278.807719703647,-10278.807719703647,-10278.807719703647,0.0,0.0,0.0,19306.929225356325
2012-02-02,30945.020274763225,14111.0623552746,40575.94968631495,30945.01939449736,30945.02120701391,-3436.8351230681938,-3436.8351230681938,-3436.8351230681938,7440.110857878315,7440.110857878315,7440.110857878315,-10876.94598094651,-10876.94598094651,-10876.94598094651,0.0,0.0,0.0,27508.18515169503
